Year,Month,Code,Name,Unit,Finished,Substance_1,Substance_2,Complex,QC,Supporting
21,7,100130,디메티콘 유제 35% 자가,g,,,,,,
21,7,105521,TSB(Non animal origin) 자가,BT,,,,,,
21,7,105944,20L Glass bottle(screw),EA,,,,,,
21,7,105996,멸균백1200*1200mm,EA,,,,,,
21,7,105998,멸균백400*500mm,EA,,200,100,,,
21,7,106159,Durapore Opticap XL4 (KVGLA04TT3),EA,,,,,,
21,7,300006,퐁퐁,EA,,,6,,,
21,7,300009,Sartofluor GA 10',EA,,5,1,,,
21,7,300010,Sartofluor GA 20',EA,,,,,,
21,7,300011,Sartofluor Mini,EA,,,10,,,
21,7,302000,수산화나트륨(퀴놀론1KG),kg,,,,71.942,,
21,7,LMSM00007C,수산화나트륨 자가 (1kg),kg,19.985,,,,,
21,7,302060,AGP Solution Kit,EA,,,,,,
21,7,302101,5mL PC Validation Vial,EA,,,,,920,920
21,7,302102,Autoclave Indicator. Sigmaware,EA,,,,,,
21,7,302103,Hi Temperature Indicator(Shamrock)(건열),EA,,,,,,
21,7,302104,Chemical Indicator 1250 (3M),EA,,,,,,
21,7,302109,락스 (럭키),EA,,,5,,,
21,7,302122,염화나트륨(수지 재생용) 자가,kg,,,,,,
21,7,302123,펌프 튜빙(Masterflex L/S 16),EA,,,,,,
21,7,302124,펌프 튜빙(Masterflex L/S 17),EA,,,,,,
21,7,302125,펌프 튜빙(Masterflex L/S 18),EA,,,,,,
21,7,302126,펌프 튜빙(Masterflex L/S 24),EA,,,,,,
21,7,302127,펌프 튜빙(Masterflex I/P 73),EA,,,,,,
21,7,302128,펌프 튜빙(Masterflex I/P 82),EA,,2,3,,,
21,7,302143,Endotoxin Indicator(Endosafe) 자가,EA,,,,,,
21,7,302161,Durapore 필터(SCGVU11RE),EA,,4,,,,
21,7,302170,아세톤 자가,mL ,,,,,,
21,7,302171,Optiseal 필터(LAGR04TP6),EA,,,,,,
21,7,302210,펌프 튜빙(NALGENE 8060-0200),EA,1,,,,,
21,7,302212,펌프 튜빙(NALGENE 8060-0100),EA,,,,,,
21,7,302213,펌프 튜빙(NALGENE 8060-0060),EA,,,,,,
21,7,302214,펌프 튜빙(NALGENE 8060-0040),EA,1,,,,,
21,7,302250,필터 (PUY2UY300H),EA,,,,,,
21,7,302251,필터 (PUY2UY100H),EA,,,,,,
21,7,302256,필터 (PUY1UY400J),EA,,,,,,
21,7,302259,필터 (AB1PFA7PVH4),EA,,,,,,
21,7,302260,필터 (AB3NFZ7PH4),EA,,,,,,
21,7,302341,펌프 튜빙(Masterflex L/S 25),EA,,,,,,
21,7,302450,필터(SLK7002PFRP)(스팀필터),EA,3,,,,,
21,7,302451,필터(MCY4463PFRPVH4)(N2 필터),EA,1,,,,,
21,7,302452,필터(AB1CPFR7PVH4)(DIP 필터),EA,6,,,,,
21,7,302453,필터(CTGB71TP3)(스팀필터),EA,,,,,,
21,7,302481,구연산무수(99.5%이상),kg,,,,,,
21,7,302520,PFA Tubing(EW-06371-04),EA,5,,,,,
21,7,302521,PFA Tubing(RZ-06375-02),EA,4,,,,,
21,7,302530,Opticap XL4 Capsule Filter(KTGRA04TT3),EA,,,,,,
21,7,302572,Millex-FG Filter(MTGR85000),EA,,,,,,
21,7,302573,C-Flex Tubing(072-313-3),EA,,,,,,
21,7,302620,CTGR75S01 Millipore Filter,EA,2,,,,,
21,7,302621,KVGB04TC3 Milliporre Filter,EA,,,,,,
21,7,302622,CTGB72TP3 Millipore Filter,EA,,,,,,
21,7,302623,AB05PFR7PVH4 Pall Filter,EA,,,,,,
21,7,302690,액체 세제 (액츠 무진복 세탁용),EA,,,1,8,,
21,7,302774,Aervent 20' Cartridge Filter CTGR72TP1,EA,2,,,,,
21,7,302780,H2O2 for HPV,EA,10,,,,,
21,7,302880,Sartfluor GA,EA,5,,,,,
21,7,302881,Sartfluor junior,EA,,,,,,
21,7,302882,SP Sephadex C50 자가,g,,,,,,
21,7,303090,테크세제,EA,,,,,,
21,7,302841,72B/A4 Clean paper,EA,,,,,,
21,7,200522,화이버 드럼,EA,,,,24,,
21,7,106602,보위딕 테스트 팩(Terragene),EA,40,1,3,,,
21,7,302255,필터 (PFY2UY300J),EA,,,,,,
21,7,302571,Sartofluor Filter(5185307T8),EA,,,,,,
21,7,302151,Sartoclean CA 20',EA,,,,,,
21,7,302257,필터 (PFY1J012J),EA,,,,,,
21,7,302914,Sterile Filter(KA3EKVP10.2um),EA,,,,,,
21,7,300953,킴텍스(50×70×1),EA,,,,,,
21,7,302321,훈증액 MINNACARE COLD STERILANT,BT,,,,,,
21,7,302254,필터 (MBS1002RJH2),EA,,,,,,
21,7,103638,밀리팩200(MPGL2GCL3),EA,,,,,,
21,7,102141,SARTOBRAN P 10' Filter,EA,,,,,,
21,7,100351,Filter SARTOPURE PP2,EA,,,,,,
21,7,303031,DECON-SPORE 200 Plus(0.4%)472mL 자가,EA,26,3,4,,,
21,7,303034,Decon-cycle (Disinfectant)472mL 자가,EA,,4,,2,,
21,7,303038,DECON-SPORE200Plus(0.4% )Gallon siz자가,EA,20,,4,,,
21,7,303041,Decon-cycle(Disinfectant)Gallonsize자가,EA,24,2,2,,,
21,7,303036,70% IPA 472mL 자가,EA,96,32,34,2,,
21,7,303060,70% IPA Gallon size 자가,EA,10,,,,,
21,7,303033,5% Decon-spore (Sporicide)472mL 자가,EA,15,,,,,
21,7,303039,5% Decon-spore(Sporicide)Gallon size자가,EA,10,,,,,
21,7,303035,Hypo-chlor (Sporicide)472mL 자가,EA,,,,,,
21,7,303040,Hypo-chlor (Sporicide) Gallon size 자가,EA,,,,,,
21,7,303080,70% IPA Dispenser용(자동분무기용),EA,,,,,,
21,7,102990,Filter Unit 1L 자가(Bottle top),EA,23,,10,,,
21,7,100136,트립신에데트산나트륨,mL ,,,,,,
21,7,107225,멸균백 580*900mm,EA,,,,,,
21,7,106156,Opticap XL2 Capsule Filter(KGW6A02FF3),EA,,,,,,
21,6,100130,디메티콘 유제 35% 자가,g,,,,,,
21,6,105521,TSB(Non animal origin) 자가,BT,,,,,,
21,6,105944,20L Glass bottle(screw),EA,,,,,,
21,6,105996,멸균백1200*1200mm,EA,,,,,,
21,6,105998,멸균백400*500mm,EA,,100,,,,
21,6,106159,Durapore Opticap XL4 (KVGLA04TT3),EA,,,,,,
21,6,300006,퐁퐁,EA,,,,,,
21,6,300009,Sartofluor GA 10',EA,,,,,,
21,6,300010,Sartofluor GA 20',EA,,,,,,
21,6,300011,Sartofluor Mini,EA,,5,,,,
21,6,302000,수산화나트륨(퀴놀론1KG),kg,,,,36,,
21,6,LMSM00007C,수산화나트륨 자가 (1kg),kg,20,,,,,
21,6,302060,AGP Solution Kit,EA,,,,,,
21,6,302101,5mL PC Validation Vial,EA,,,100,,1020,
21,6,302102,Autoclave Indicator. Sigmaware,EA,,,,,,
21,6,302103,Hi Temperature Indicator(Shamrock)(건열),EA,2,,,,,
21,6,302104,Chemical Indicator 1250 (3M),EA,1,,,,,
21,6,302109,락스 (럭키),EA,,2,2,,,
21,6,302122,염화나트륨(수지 재생용) 자가,kg,,,,,,
21,6,302123,펌프 튜빙(Masterflex L/S 16),EA,3,,3,,,
21,6,302124,펌프 튜빙(Masterflex L/S 17),EA,,,,,,
21,6,302125,펌프 튜빙(Masterflex L/S 18),EA,,,,,,
21,6,302126,펌프 튜빙(Masterflex L/S 24),EA,,,3,,,
21,6,302127,펌프 튜빙(Masterflex I/P 73),EA,,,,,,
21,6,302128,펌프 튜빙(Masterflex I/P 82),EA,,,,,,
21,6,302143,Endotoxin Indicator(Endosafe) 자가,EA,1,,,,,
21,6,302161,Durapore 필터(SCGVU11RE),EA,,7,,,,
21,6,302170,아세톤 자가,mL ,,,,,,
21,6,302171,Optiseal 필터(LAGR04TP6),EA,,,,,,
21,6,302210,펌프 튜빙(NALGENE 8060-0200),EA,4,,,,,
21,6,302212,펌프 튜빙(NALGENE 8060-0100),EA,,,,,,
21,6,302213,펌프 튜빙(NALGENE 8060-0060),EA,,,,,,
21,6,302214,펌프 튜빙(NALGENE 8060-0040),EA,,,,,,
21,6,302250,필터 (PUY2UY300H),EA,,,,32,,
21,6,302251,필터 (PUY2UY100H),EA,,,,5,,
21,6,302256,필터 (PUY1UY400J),EA,,,,,,
21,6,302259,필터 (AB1PFA7PVH4),EA,,,,,,
21,6,302260,필터 (AB3NFZ7PH4),EA,,,,,,
21,6,302341,펌프 튜빙(Masterflex L/S 25),EA,,,,,,
21,6,302450,필터(SLK7002PFRP)(스팀필터),EA,1,,,,,
21,6,302451,필터(MCY4463PFRPVH4)(N2 필터),EA,1,,,,,
21,6,302452,필터(AB1CPFR7PVH4)(DIP 필터),EA,,,,,,
21,6,302453,필터(CTGB71TP3)(스팀필터),EA,,,,,,
21,6,302481,구연산무수(99.5%이상),kg,,,,,,
21,6,302520,PFA Tubing(EW-06371-04),EA,10,,,,,
21,6,302521,PFA Tubing(RZ-06375-02),EA,,,,,,
21,6,302530,Opticap XL4 Capsule Filter(KTGRA04TT3),EA,,,,,,
21,6,302572,Millex-FG Filter(MTGR85000),EA,,,,,,
21,6,302573,C-Flex Tubing(072-313-3),EA,,,,,,
21,6,302620,CTGR75S01 Millipore Filter,EA,,,,,,
21,6,302621,KVGB04TC3 Milliporre Filter,EA,,,,,,
21,6,302622,CTGB72TP3 Millipore Filter,EA,,,,,,
21,6,302623,AB05PFR7PVH4 Pall Filter,EA,,,,,,
21,6,302690,액체 세제 (액츠 무진복 세탁용),EA,,8,2,,,
21,6,302774,Aervent 20' Cartridge Filter CTGR72TP1,EA,,,,,,
21,6,302780,H2O2 for HPV,EA,,,,,,
21,6,302880,Sartfluor GA,EA,,,,,,
21,6,302881,Sartfluor junior,EA,,,,,,
21,6,302882,SP Sephadex C50 자가,g,,,,,,
21,6,303090,테크세제,EA,,,,,,
21,6,302841,72B/A4 Clean paper,EA,1000,,,,,
21,6,200522,화이버 드럼,EA,,,,20,,
21,6,106602,보위딕 테스트 팩(Terragene),EA,95,11,3,,6,
21,6,302255,필터 (PFY2UY300J),EA,,,,,,
21,6,302571,Sartofluor Filter(5185307T8),EA,,,,,,
21,6,302151,Sartoclean CA 20',EA,,,,,,
21,6,302257,필터 (PFY1J012J),EA,,,,,,
21,6,302914,Sterile Filter(KA3EKVP10.2um),EA,,,,,,
21,6,300953,킴텍스(50×70×1),EA,,,,,,
21,6,302321,훈증액 MINNACARE COLD STERILANT,BT,,,,,,
21,6,302254,필터 (MBS1002RJH2),EA,,,,,,
21,6,103638,밀리팩200(MPGL2GCL3),EA,,,,,,
21,6,102141,SARTOBRAN P 10' Filter,EA,,,,,,
21,6,100351,Filter SARTOPURE PP2,EA,,,,,,
21,6,303031,DECON-SPORE 200 Plus(0.4%)472mL 자가,EA,11,7,,,,
21,6,303034,Decon-cycle (Disinfectant)472mL 자가,EA,3,15,4,,,
21,6,303038,DECON-SPORE200Plus(0.4% )Gallon siz자가,EA,37,7,6,,,
21,6,303041,Decon-cycle(Disinfectant)Gallonsize자가,EA,12,,6,,,
21,6,303036,70% IPA 472mL 자가,EA,74,20,34,,,24
21,6,303060,70% IPA Gallon size 자가,EA,,,,,,
21,6,303033,5% Decon-spore (Sporicide)472mL 자가,EA,5,2,,,,
21,6,303039,5% Decon-spore(Sporicide)Gallon size자가,EA,2,2,,,,
21,6,303035,Hypo-chlor (Sporicide)472mL 자가,EA,,,,,,
21,6,303040,Hypo-chlor (Sporicide) Gallon size 자가,EA,,,,,,
21,6,303080,70% IPA Dispenser용(자동분무기용),EA,1,3,,,,
21,6,102990,Filter Unit 1L 자가(Bottle top),EA,42,,10,,,
21,6,100136,트립신에데트산나트륨,mL ,,,100,,,
21,6,107225,멸균백 580*900mm,EA,,,,,,
21,6,106156,Opticap XL2 Capsule Filter(KGW6A02FF3),EA,,,5,,,
21,5,100130,디메티콘 유제 35% 자가,g,,,,,,
21,5,105521,TSB(Non animal origin) 자가,BT,,,,,,
21,5,105944,20L Glass bottle(screw),EA,,,,,,
21,5,105996,멸균백1200*1200mm,EA,,,,,,
21,5,105998,멸균백400*500mm,EA,200,100,100,,,
21,5,106159,Durapore Opticap XL4 (KVGLA04TT3),EA,,,,,,
21,5,300006,퐁퐁,EA,,2,,,1,
21,5,300009,Sartofluor GA 10',EA,,4,,,,
21,5,300010,Sartofluor GA 20',EA,,1,,,,
21,5,300011,Sartofluor Mini,EA,,4,,,,
21,5,302000,수산화나트륨(퀴놀론1KG),kg,,,,12.971,,
21,5,LMSM00007C,수산화나트륨 자가 (1kg),kg,20,,,,,
21,5,302060,AGP Solution Kit,EA,,,9,,,
21,5,302101,5mL PC Validation Vial,EA,,,,,,
21,5,302102,Autoclave Indicator. Sigmaware,EA,,,,,,
21,5,302103,Hi Temperature Indicator(Shamrock)(건열),EA,,,,,,
21,5,302104,Chemical Indicator 1250 (3M),EA,,,,,,
21,5,302109,락스 (럭키),EA,,1,2,,,
21,5,302122,염화나트륨(수지 재생용) 자가,kg,,,,,,
21,5,302123,펌프 튜빙(Masterflex L/S 16),EA,10,,6,,,
21,5,302124,펌프 튜빙(Masterflex L/S 17),EA,,,,,,
21,5,302125,펌프 튜빙(Masterflex L/S 18),EA,,,,,,
21,5,302126,펌프 튜빙(Masterflex L/S 24),EA,,3,1,,,
21,5,302127,펌프 튜빙(Masterflex I/P 73),EA,,,,,,
21,5,302128,펌프 튜빙(Masterflex I/P 82),EA,,2,2,,,
21,5,302143,Endotoxin Indicator(Endosafe) 자가,EA,1,,,,,
21,5,302161,Durapore 필터(SCGVU11RE),EA,,6,,,,
21,5,302170,아세톤 자가,mL ,,,3000,,,
21,5,302171,Optiseal 필터(LAGR04TP6),EA,,,,,,
21,5,302210,펌프 튜빙(NALGENE 8060-0200),EA,,,,,,
21,5,302212,펌프 튜빙(NALGENE 8060-0100),EA,2,,,,,
21,5,302213,펌프 튜빙(NALGENE 8060-0060),EA,,,,,,
21,5,302214,펌프 튜빙(NALGENE 8060-0040),EA,,,,,,
21,5,302250,필터 (PUY2UY300H),EA,,,,,,
21,5,302251,필터 (PUY2UY100H),EA,,,,,,
21,5,302256,필터 (PUY1UY400J),EA,,,,,,
21,5,302259,필터 (AB1PFA7PVH4),EA,,,,,,
21,5,302260,필터 (AB3NFZ7PH4),EA,,,,,,
21,5,302341,펌프 튜빙(Masterflex L/S 25),EA,,2,,,,
21,5,302450,필터(SLK7002PFRP)(스팀필터),EA,,,,,,
21,5,302451,필터(MCY4463PFRPVH4)(N2 필터),EA,,,,,,
21,5,302452,필터(AB1CPFR7PVH4)(DIP 필터),EA,,,,,,
21,5,302453,필터(CTGB71TP3)(스팀필터),EA,,,,,,
21,5,302481,구연산무수(99.5%이상),kg,,,,,,
21,5,302520,PFA Tubing(EW-06371-04),EA,,,,,,
21,5,302521,PFA Tubing(RZ-06375-02),EA,,,,,,
21,5,302530,Opticap XL4 Capsule Filter(KTGRA04TT3),EA,,,,,,
21,5,302572,Millex-FG Filter(MTGR85000),EA,,,,,,
21,5,302573,C-Flex Tubing(072-313-3),EA,,,,,,
21,5,302620,CTGR75S01 Millipore Filter,EA,,,,,,
21,5,302621,KVGB04TC3 Milliporre Filter,EA,,,,,,
21,5,302622,CTGB72TP3 Millipore Filter,EA,,,,,,
21,5,302623,AB05PFR7PVH4 Pall Filter,EA,,,,,,
21,5,302690,액체 세제 (액츠 무진복 세탁용),EA,,5,,,,
21,5,302774,Aervent 20' Cartridge Filter CTGR72TP1,EA,,,,,,
21,5,302780,H2O2 for HPV,EA,,,,,,
21,5,302880,Sartfluor GA,EA,,,,,,
21,5,302881,Sartfluor junior,EA,,,,,,
21,5,302882,SP Sephadex C50 자가,g,,,,,,
21,5,303090,테크세제,EA,,,1,,,
21,5,302841,72B/A4 Clean paper,EA,,,,,,
21,5,200522,화이버 드럼,EA,,,,32,,
21,5,106602,보위딕 테스트 팩(Terragene),EA,40,10,3,,,
21,5,302255,필터 (PFY2UY300J),EA,,,,,,
21,5,302571,Sartofluor Filter(5185307T8),EA,,,,,,
21,5,302151,Sartoclean CA 20',EA,,,,,,
21,5,302257,필터 (PFY1J012J),EA,,,,,,
21,5,302914,Sterile Filter(KA3EKVP10.2um),EA,,,,,,
21,5,300953,킴텍스(50×70×1),EA,,,,,,
21,5,302321,훈증액 MINNACARE COLD STERILANT,BT,,,,,,
21,5,302254,필터 (MBS1002RJH2),EA,,,,,,
21,5,103638,밀리팩200(MPGL2GCL3),EA,,,4,,,
21,5,102141,SARTOBRAN P 10' Filter,EA,,,2,,,
21,5,100351,Filter SARTOPURE PP2,EA,,,,,,
21,5,303031,DECON-SPORE 200 Plus(0.4%)472mL 자가,EA,,15,12,,,
21,5,303034,Decon-cycle (Disinfectant)472mL 자가,EA,,4,,,6,
21,5,303038,DECON-SPORE200Plus(0.4% )Gallon siz자가,EA,24,8,4,,,
21,5,303041,Decon-cycle(Disinfectant)Gallonsize자가,EA,28,,2,,,
21,5,303036,70% IPA 472mL 자가,EA,144,44,35,,15,24
21,5,303060,70% IPA Gallon size 자가,EA,,,,,,
21,5,303033,5% Decon-spore (Sporicide)472mL 자가,EA,30,2,,,,
21,5,303039,5% Decon-spore(Sporicide)Gallon size자가,EA,2,1,,,,
21,5,303035,Hypo-chlor (Sporicide)472mL 자가,EA,,,,,,
21,5,303040,Hypo-chlor (Sporicide) Gallon size 자가,EA,,,,,,
21,5,303080,70% IPA Dispenser용(자동분무기용),EA,14,,,,,1
21,5,102990,Filter Unit 1L 자가(Bottle top),EA,35,,10,,,
21,5,100136,트립신에데트산나트륨,mL ,,,,,,
21,5,107225,멸균백 580*900mm,EA,,250,,,,
21,5,106156,Opticap XL2 Capsule Filter(KGW6A02FF3),EA,,,,,,
21,4,100130,디메티콘 유제 35% 자가,g,15990,,,,,
21,4,105521,TSB(Non animal origin) 자가,BT,,,,,,
21,4,105944,20L Glass bottle(screw),EA,,,,,,
21,4,105996,멸균백1200*1200mm,EA,,,,,,
21,4,105998,멸균백400*500mm,EA,,,200,,,
21,4,106159,Durapore Opticap XL4 (KVGLA04TT3),EA,,,,,,
21,4,300006,퐁퐁,EA,,,,,3,1
21,4,300009,Sartofluor GA 10',EA,,,1,,,
21,4,300010,Sartofluor GA 20',EA,,,,,,
21,4,300011,Sartofluor Mini,EA,,1,,,,
21,4,302000,수산화나트륨(퀴놀론1KG),kg,,,,14,,
21,4,LMSM00007C,수산화나트륨 자가 (1kg),kg,59.988,,,,,
21,4,302060,AGP Solution Kit,EA,,,,,,
21,4,302101,5mL PC Validation Vial,EA,,,,,,
21,4,302102,Autoclave Indicator. Sigmaware,EA,,,,,,
21,4,302103,Hi Temperature Indicator(Shamrock)(건열),EA,2,,,,,
21,4,302104,Chemical Indicator 1250 (3M),EA,2,,,,,
21,4,302109,락스 (럭키),EA,,2,2,,,
21,4,302122,염화나트륨(수지 재생용) 자가,kg,,,,,,
21,4,302123,펌프 튜빙(Masterflex L/S 16),EA,11,,4,,,
21,4,302124,펌프 튜빙(Masterflex L/S 17),EA,,,,,,
21,4,302125,펌프 튜빙(Masterflex L/S 18),EA,,,,,,
21,4,302126,펌프 튜빙(Masterflex L/S 24),EA,,,,,,
21,4,302127,펌프 튜빙(Masterflex I/P 73),EA,,,,,,
21,4,302128,펌프 튜빙(Masterflex I/P 82),EA,,,,,,
21,4,302143,Endotoxin Indicator(Endosafe) 자가,EA,1,,,,1,
21,4,302161,Durapore 필터(SCGVU11RE),EA,,7,,,,
21,4,302170,아세톤 자가,mL ,,,,,,
21,4,302171,Optiseal 필터(LAGR04TP6),EA,,,,,,
21,4,302210,펌프 튜빙(NALGENE 8060-0200),EA,,,,,,
21,4,302212,펌프 튜빙(NALGENE 8060-0100),EA,,,,,,
21,4,302213,펌프 튜빙(NALGENE 8060-0060),EA,,,,,,
21,4,302214,펌프 튜빙(NALGENE 8060-0040),EA,,,,,,
21,4,302250,필터 (PUY2UY300H),EA,,,,,,
21,4,302251,필터 (PUY2UY100H),EA,,,,,,
21,4,302256,필터 (PUY1UY400J),EA,,,,,,
21,4,302259,필터 (AB1PFA7PVH4),EA,,,,,,
21,4,302260,필터 (AB3NFZ7PH4),EA,,,,,,
21,4,302341,펌프 튜빙(Masterflex L/S 25),EA,,,,,,
21,4,302450,필터(SLK7002PFRP)(스팀필터),EA,1,,,,,
21,4,302451,필터(MCY4463PFRPVH4)(N2 필터),EA,,,,,,
21,4,302452,필터(AB1CPFR7PVH4)(DIP 필터),EA,2,,,,,
21,4,302453,필터(CTGB71TP3)(스팀필터),EA,,,,,,
21,4,302481,구연산무수(99.5%이상),kg,,,,,,
21,4,302520,PFA Tubing(EW-06371-04),EA,6,,,,,
21,4,302521,PFA Tubing(RZ-06375-02),EA,,,,,,
21,4,302530,Opticap XL4 Capsule Filter(KTGRA04TT3),EA,,,,,,
21,4,302572,Millex-FG Filter(MTGR85000),EA,2,,,,,
21,4,302573,C-Flex Tubing(072-313-3),EA,,,,,,
21,4,302620,CTGR75S01 Millipore Filter,EA,,,,,,
21,4,302621,KVGB04TC3 Milliporre Filter,EA,,,,,,
21,4,302622,CTGB72TP3 Millipore Filter,EA,,,,,,
21,4,302623,AB05PFR7PVH4 Pall Filter,EA,,,,,,
21,4,302690,액체 세제 (액츠 무진복 세탁용),EA,,8,,,,
21,4,302774,Aervent 20' Cartridge Filter CTGR72TP1,EA,,,,,,
21,4,302780,H2O2 for HPV,EA,,,,,,
21,4,302880,Sartfluor GA,EA,,,,,,
21,4,302881,Sartfluor junior,EA,,,,,,
21,4,302882,SP Sephadex C50 자가,g,,,,,,
21,4,303090,테크세제,EA,,,,,,
21,4,302841,72B/A4 Clean paper,EA,1000,,,,,
21,4,200522,화이버 드럼,EA,,,,32,,
21,4,106602,보위딕 테스트 팩(Terragene),EA,80,9,3,,,
21,4,302255,필터 (PFY2UY300J),EA,,,,,,
21,4,302571,Sartofluor Filter(5185307T8),EA,1,,,,,
21,4,302151,Sartoclean CA 20',EA,,,,,,
21,4,302257,필터 (PFY1J012J),EA,,,,,,
21,4,302914,Sterile Filter(KA3EKVP10.2um),EA,,,,,,
21,4,300953,킴텍스(50×70×1),EA,,,,,,
21,4,302321,훈증액 MINNACARE COLD STERILANT,BT,,,,,,
21,4,302254,필터 (MBS1002RJH2),EA,,,,,,
21,4,103638,밀리팩200(MPGL2GCL3),EA,1,,,,,
21,4,102141,SARTOBRAN P 10' Filter,EA,,,,,,
21,4,100351,Filter SARTOPURE PP2,EA,,,,,,
21,4,303031,DECON-SPORE 200 Plus(0.4%)472mL 자가,EA,16,16,,,,4
21,4,303034,Decon-cycle (Disinfectant)472mL 자가,EA,29,15,4,,,
21,4,303038,DECON-SPORE200Plus(0.4% )Gallon siz자가,EA,40,,,,,
21,4,303041,Decon-cycle(Disinfectant)Gallonsize자가,EA,24,4,4,,,
21,4,303036,70% IPA 472mL 자가,EA,132,32,29,,,12
21,4,303060,70% IPA Gallon size 자가,EA,8,,,,,
21,4,303033,5% Decon-spore (Sporicide)472mL 자가,EA,12,1,,,,
21,4,303039,5% Decon-spore(Sporicide)Gallon size자가,EA,2,1,,,,
21,4,303035,Hypo-chlor (Sporicide)472mL 자가,EA,,,,,,
21,4,303040,Hypo-chlor (Sporicide) Gallon size 자가,EA,,,,,,
21,4,303080,70% IPA Dispenser용(자동분무기용),EA,,,,,,
21,4,102990,Filter Unit 1L 자가(Bottle top),EA,61,,10,,,
21,4,100136,트립신에데트산나트륨,mL ,,,100,,,
21,4,107225,멸균백 580*900mm,EA,,,,,,
21,4,106156,Opticap XL2 Capsule Filter(KGW6A02FF3),EA,,,,,,
21,3,100130,디메티콘 유제 35% 자가,g,,,,,,
21,3,105521,TSB(Non animal origin) 자가,BT,,,,,,
21,3,105944,20L Glass bottle(screw),EA,,,,,,
21,3,105996,멸균백1200*1200mm,EA,,,,,,
21,3,105998,멸균백400*500mm,EA,100,300,100,,,
21,3,106159,Durapore Opticap XL4 (KVGLA04TT3),EA,,,,,,
21,3,300006,퐁퐁,EA,,,5,,,
21,3,300009,Sartofluor GA 10',EA,,1,5,,1,
21,3,300010,Sartofluor GA 20',EA,,,,,,
21,3,300011,Sartofluor Mini,EA,,8,,,,
21,3,302000,수산화나트륨(퀴놀론1KG),kg,,,,11,,
21,3,LMSM00007C,수산화나트륨 자가 (1kg),kg,,,,,,
21,3,302060,AGP Solution Kit,EA,,,11,,,
21,3,302101,5mL PC Validation Vial,EA,,,,,,
21,3,302102,Autoclave Indicator. Sigmaware,EA,,1,,,,
21,3,302103,Hi Temperature Indicator(Shamrock)(건열),EA,,,,,,
21,3,302104,Chemical Indicator 1250 (3M),EA,4,,,,,
21,3,302109,락스 (럭키),EA,,1,5,,,
21,3,302122,염화나트륨(수지 재생용) 자가,kg,,,,,,
21,3,302123,펌프 튜빙(Masterflex L/S 16),EA,,,,,,
21,3,302124,펌프 튜빙(Masterflex L/S 17),EA,,,,,,
21,3,302125,펌프 튜빙(Masterflex L/S 18),EA,,,,,,
21,3,302126,펌프 튜빙(Masterflex L/S 24),EA,,,1,,,
21,3,302127,펌프 튜빙(Masterflex I/P 73),EA,,,,,,
21,3,302128,펌프 튜빙(Masterflex I/P 82),EA,,,,,,
21,3,302143,Endotoxin Indicator(Endosafe) 자가,EA,,,,,3,
21,3,302161,Durapore 필터(SCGVU11RE),EA,,6,,,,
21,3,302170,아세톤 자가,mL ,,,6000,,,
21,3,302171,Optiseal 필터(LAGR04TP6),EA,,,,,,
21,3,302210,펌프 튜빙(NALGENE 8060-0200),EA,1,,,,,
21,3,302212,펌프 튜빙(NALGENE 8060-0100),EA,3,,,,,
21,3,302213,펌프 튜빙(NALGENE 8060-0060),EA,,,,,,
21,3,302214,펌프 튜빙(NALGENE 8060-0040),EA,,,,,,
21,3,302250,필터 (PUY2UY300H),EA,,,,,,
21,3,302251,필터 (PUY2UY100H),EA,,,,,,
21,3,302256,필터 (PUY1UY400J),EA,,,,,,
21,3,302259,필터 (AB1PFA7PVH4),EA,,,,,,
21,3,302260,필터 (AB3NFZ7PH4),EA,,,,,,
21,3,302341,펌프 튜빙(Masterflex L/S 25),EA,,1,,,,
21,3,302450,필터(SLK7002PFRP)(스팀필터),EA,1,,,,,
21,3,302451,필터(MCY4463PFRPVH4)(N2 필터),EA,1,,,,,
21,3,302452,필터(AB1CPFR7PVH4)(DIP 필터),EA,3,,,,,
21,3,302453,필터(CTGB71TP3)(스팀필터),EA,,,,,,
21,3,302481,구연산무수(99.5%이상),kg,,,,,,
21,3,302520,PFA Tubing(EW-06371-04),EA,,,,,,
21,3,302521,PFA Tubing(RZ-06375-02),EA,,,,,,
21,3,302530,Opticap XL4 Capsule Filter(KTGRA04TT3),EA,,,,,,
21,3,302572,Millex-FG Filter(MTGR85000),EA,,,,,,
21,3,302573,C-Flex Tubing(072-313-3),EA,,,,,,
21,3,302620,CTGR75S01 Millipore Filter,EA,,,,,,
21,3,302621,KVGB04TC3 Milliporre Filter,EA,,,,,,
21,3,302622,CTGB72TP3 Millipore Filter,EA,,,,,,
21,3,302623,AB05PFR7PVH4 Pall Filter,EA,,,,,,
21,3,302690,액체 세제 (액츠 무진복 세탁용),EA,,5,,,,
21,3,302774,Aervent 20' Cartridge Filter CTGR72TP1,EA,,,,,,
21,3,302780,H2O2 for HPV,EA,,,,,,
21,3,302880,Sartfluor GA,EA,,,1,,,
21,3,302881,Sartfluor junior,EA,,,,,,
21,3,302882,SP Sephadex C50 자가,g,,,,,,
21,3,303090,테크세제,EA,,,1,,,
21,3,302841,72B/A4 Clean paper,EA,1000,,,,,
21,3,200522,화이버 드럼,EA,,,,17,,
21,3,106602,보위딕 테스트 팩(Terragene),EA,100,10,13,,,
21,3,302255,필터 (PFY2UY300J),EA,,,,,,
21,3,302571,Sartofluor Filter(5185307T8),EA,,,,,,
21,3,302151,Sartoclean CA 20',EA,,,,,,
21,3,302257,필터 (PFY1J012J),EA,,,,,,
21,3,302914,Sterile Filter(KA3EKVP10.2um),EA,,,,,,
21,3,300953,킴텍스(50×70×1),EA,,,,,,
21,3,302321,훈증액 MINNACARE COLD STERILANT,BT,,,,,,
21,3,302254,필터 (MBS1002RJH2),EA,,,,,,
21,3,103638,밀리팩200(MPGL2GCL3),EA,2,,5,,,
21,3,102141,SARTOBRAN P 10' Filter,EA,,,4,,,
21,3,100351,Filter SARTOPURE PP2,EA,,,,,,
21,3,303031,DECON-SPORE 200 Plus(0.4%)472mL 자가,EA,20,3,,,6,
21,3,303034,Decon-cycle (Disinfectant)472mL 자가,EA,,,,,2,
21,3,303038,DECON-SPORE200Plus(0.4% )Gallon siz자가,EA,20,1,4,,,
21,3,303041,Decon-cycle(Disinfectant)Gallonsize자가,EA,56,16,3,,,
21,3,303036,70% IPA 472mL 자가,EA,130,33,17,,15,24
21,3,303060,70% IPA Gallon size 자가,EA,,,,,,
21,3,303033,5% Decon-spore (Sporicide)472mL 자가,EA,7,6,,,,
21,3,303039,5% Decon-spore(Sporicide)Gallon size자가,EA,2,2,,,,
21,3,303035,Hypo-chlor (Sporicide)472mL 자가,EA,,,,,,
21,3,303040,Hypo-chlor (Sporicide) Gallon size 자가,EA,,,,,,
21,3,303080,70% IPA Dispenser용(자동분무기용),EA,,,,,,
21,3,102990,Filter Unit 1L 자가(Bottle top),EA,37,,5,,,
21,3,100136,트립신에데트산나트륨,mL ,,,,,,
21,3,107225,멸균백 580*900mm,EA,,100,,,,
21,3,106156,Opticap XL2 Capsule Filter(KGW6A02FF3),EA,,,,,,
21,2,100130,디메티콘 유제 35% 자가,g,,,,,,
21,2,105521,TSB(Non animal origin) 자가,BT,,,,,,
21,2,105944,20L Glass bottle(screw),EA,,,,,,
21,2,105996,멸균백1200*1200mm,EA,,,,,,
21,2,105998,멸균백400*500mm,EA,100,,,,,
21,2,106159,Durapore Opticap XL4 (KVGLA04TT3),EA,,,,,,
21,2,300006,퐁퐁,EA,,,,,,
21,2,300009,Sartofluor GA 10',EA,,6,,,,
21,2,300010,Sartofluor GA 20',EA,,1,1,,,
21,2,300011,Sartofluor Mini,EA,,4,8,,,
21,2,302000,수산화나트륨(퀴놀론1KG),kg,,,,22,,
21,2,LMSM00007C,수산화나트륨 자가 (1kg),kg,,,,,,
21,2,302060,AGP Solution Kit,EA,,,,,,
21,2,302101,5mL PC Validation Vial,EA,,,,,,
21,2,302102,Autoclave Indicator. Sigmaware,EA,,,,,,
21,2,302103,Hi Temperature Indicator(Shamrock)(건열),EA,,,,,,
21,2,302104,Chemical Indicator 1250 (3M),EA,,,,,,
21,2,302109,락스 (럭키),EA,,3,3,,,
21,2,302122,염화나트륨(수지 재생용) 자가,kg,,,,,,
21,2,302123,펌프 튜빙(Masterflex L/S 16),EA,,,,,,
21,2,302124,펌프 튜빙(Masterflex L/S 17),EA,,,,,,
21,2,302125,펌프 튜빙(Masterflex L/S 18),EA,,,,,,
21,2,302126,펌프 튜빙(Masterflex L/S 24),EA,,,3,,,
21,2,302127,펌프 튜빙(Masterflex I/P 73),EA,,,,,1,
21,2,302128,펌프 튜빙(Masterflex I/P 82),EA,,,1,,,
21,2,302143,Endotoxin Indicator(Endosafe) 자가,EA,,,,,1,
21,2,302161,Durapore 필터(SCGVU11RE),EA,,3,,,,
21,2,302170,아세톤 자가,mL ,,,,,,
21,2,302171,Optiseal 필터(LAGR04TP6),EA,,,,,,
21,2,302210,펌프 튜빙(NALGENE 8060-0200),EA,2,,,,,
21,2,302212,펌프 튜빙(NALGENE 8060-0100),EA,,,,,,
21,2,302213,펌프 튜빙(NALGENE 8060-0060),EA,,,,,,
21,2,302214,펌프 튜빙(NALGENE 8060-0040),EA,,,,,,
21,2,302250,필터 (PUY2UY300H),EA,,,,,,
21,2,302251,필터 (PUY2UY100H),EA,,,,,,
21,2,302256,필터 (PUY1UY400J),EA,,,,,,
21,2,302259,필터 (AB1PFA7PVH4),EA,,,,,,
21,2,302260,필터 (AB3NFZ7PH4),EA,,,,,,
21,2,302341,펌프 튜빙(Masterflex L/S 25),EA,,,,,,
21,2,302450,필터(SLK7002PFRP)(스팀필터),EA,2,,,,,
21,2,302451,필터(MCY4463PFRPVH4)(N2 필터),EA,,,,,,
21,2,302452,필터(AB1CPFR7PVH4)(DIP 필터),EA,1,,,,,
21,2,302453,필터(CTGB71TP3)(스팀필터),EA,,,,,,
21,2,302481,구연산무수(99.5%이상),kg,,,,,,
21,2,302520,PFA Tubing(EW-06371-04),EA,,,,,,
21,2,302521,PFA Tubing(RZ-06375-02),EA,5,,,,,
21,2,302530,Opticap XL4 Capsule Filter(KTGRA04TT3),EA,,,,,,
21,2,302572,Millex-FG Filter(MTGR85000),EA,,,,,,
21,2,302573,C-Flex Tubing(072-313-3),EA,,,,,,
21,2,302620,CTGR75S01 Millipore Filter,EA,,,,,,
21,2,302621,KVGB04TC3 Milliporre Filter,EA,,,,,,
21,2,302622,CTGB72TP3 Millipore Filter,EA,,,,,,
21,2,302623,AB05PFR7PVH4 Pall Filter,EA,,,,,,
21,2,302690,액체 세제 (액츠 무진복 세탁용),EA,,8,,,,
21,2,302774,Aervent 20' Cartridge Filter CTGR72TP1,EA,,,,,,
21,2,302780,H2O2 for HPV,EA,,,,,,
21,2,302880,Sartfluor GA,EA,,,,,,
21,2,302881,Sartfluor junior,EA,,,,,,
21,2,302882,SP Sephadex C50 자가,g,,,,,,
21,2,303090,테크세제,EA,,,,,,
21,2,302841,72B/A4 Clean paper,EA,,,,,,
21,2,200522,화이버 드럼,EA,,,,8,,
21,2,106602,보위딕 테스트 팩(Terragene),EA,90,19,3,,,
21,2,302255,필터 (PFY2UY300J),EA,,,,,,
21,2,302571,Sartofluor Filter(5185307T8),EA,,,,,,
21,2,302151,Sartoclean CA 20',EA,,,,,,
21,2,302257,필터 (PFY1J012J),EA,,,,,,
21,2,302914,Sterile Filter(KA3EKVP10.2um),EA,,,,,,3
21,2,300953,킴텍스(50×70×1),EA,,,,,,
21,2,302321,훈증액 MINNACARE COLD STERILANT,BT,,,,,,
21,2,302254,필터 (MBS1002RJH2),EA,,,,,,
21,2,103638,밀리팩200(MPGL2GCL3),EA,2,,7,,,
21,2,102141,SARTOBRAN P 10' Filter,EA,,,,,,
21,2,100351,Filter SARTOPURE PP2,EA,,,,,,
21,2,303031,DECON-SPORE 200 Plus(0.4%)472mL 자가,EA,34,24,22,,,
21,2,303034,Decon-cycle (Disinfectant)472mL 자가,EA,,,,,,
21,2,303038,DECON-SPORE200Plus(0.4% )Gallon siz자가,EA,66,2,13,,,
21,2,303041,Decon-cycle(Disinfectant)Gallonsize자가,EA,14,,4,,,
21,2,303036,70% IPA 472mL 자가,EA,230,32,12,,,24
21,2,303060,70% IPA Gallon size 자가,EA,8,,4,,,
21,2,303033,5% Decon-spore (Sporicide)472mL 자가,EA,34,2,,,,
21,2,303039,5% Decon-spore(Sporicide)Gallon size자가,EA,2,1,,,,
21,2,303035,Hypo-chlor (Sporicide)472mL 자가,EA,,,,,,
21,2,303040,Hypo-chlor (Sporicide) Gallon size 자가,EA,,,,,,
21,2,303080,70% IPA Dispenser용(자동분무기용),EA,,,4,,,
21,2,102990,Filter Unit 1L 자가(Bottle top),EA,36,,10,,15,
21,2,100136,트립신에데트산나트륨,mL ,,,,,,
21,2,107225,멸균백 580*900mm,EA,,,50,,,
21,2,106156,Opticap XL2 Capsule Filter(KGW6A02FF3),EA,,,,,,
20,9,100130,디메티콘 유제 35% 자가,g,,,,,,
20,9,105521,TSB(Non animal origin) 자가,BT,,,,,,
20,9,105944,20L Glass bottle(screw),EA,,3,,,,
20,9,105996,멸균백1200*1200mm,EA,,,,,,
20,9,105998,멸균백400*500mm,EA,100,,100,,,
20,9,106159,Durapore Opticap XL4 (KVGLA04TT3),EA,,,,,,
20,9,300006,퐁퐁,EA,,1,2,,4,
20,9,300009,Sartofluor GA 10',EA,,,6,,,
20,9,300010,Sartofluor GA 20',EA,,,1,,,
20,9,300011,Sartofluor Mini,EA,,3,9,,,
20,9,302000,수산화나트륨(퀴놀론1KG),kg,,,,43.041,,
20,9,LMSM00007C,수산화나트륨 자가 (1kg),kg,,,,,,
20,9,302060,AGP Solution Kit,EA,,,7,,,
20,9,302101,5mL PC Validation Vial,EA,,,,,700,
20,9,302102,Autoclave Indicator. Sigmaware,EA,,8,,,,
20,9,302103,Hi Temperature Indicator(Shamrock)(건열),EA,,,,,,
20,9,302104,Chemical Indicator 1250 (3M),EA,,,,,,
20,9,302109,락스 (럭키),EA,,3,4,,,
20,9,302122,염화나트륨(수지 재생용) 자가,kg,,,,,,
20,9,302123,펌프 튜빙(Masterflex L/S 16),EA,9,,1,,,
20,9,302124,펌프 튜빙(Masterflex L/S 17),EA,,,,,,
20,9,302125,펌프 튜빙(Masterflex L/S 18),EA,,,,,,
20,9,302126,펌프 튜빙(Masterflex L/S 24),EA,,,,,,
20,9,302127,펌프 튜빙(Masterflex I/P 73),EA,,,,,,
20,9,302128,펌프 튜빙(Masterflex I/P 82),EA,,,,,,
20,9,302143,Endotoxin Indicator(Endosafe) 자가,EA,,,,,,
20,9,302161,Durapore 필터(SCGVU11RE),EA,,4,,,,
20,9,302170,아세톤 자가,mL ,,,700,,18,
20,9,302171,Optiseal 필터(LAGR04TP6),EA,,,,,,
20,9,302210,펌프 튜빙(NALGENE 8060-0200),EA,,,,,,
20,9,302212,펌프 튜빙(NALGENE 8060-0100),EA,,,,,,
20,9,302213,펌프 튜빙(NALGENE 8060-0060),EA,,,,,,
20,9,302214,펌프 튜빙(NALGENE 8060-0040),EA,,,,,,
20,9,302250,필터 (PUY2UY300H),EA,,,,3,,
20,9,302251,필터 (PUY2UY100H),EA,,,,,,
20,9,302256,필터 (PUY1UY400J),EA,,,,,,
20,9,302259,필터 (AB1PFA7PVH4),EA,,,,,,
20,9,302260,필터 (AB3NFZ7PH4),EA,,,,,,
20,9,302341,펌프 튜빙(Masterflex L/S 25),EA,,,,,,
20,9,302450,필터(SLK7002PFRP)(스팀필터),EA,1,,,,,
20,9,302451,필터(MCY4463PFRPVH4)(N2 필터),EA,,,,,,
20,9,302452,필터(AB1CPFR7PVH4)(DIP 필터),EA,,,,,,
20,9,302453,필터(CTGB71TP3)(스팀필터),EA,5,,,,,
20,9,302481,구연산무수(99.5%이상),kg,,,,,,
20,9,302520,PFA Tubing(EW-06371-04),EA,5,,,,,
20,9,302521,PFA Tubing(RZ-06375-02),EA,,,,,,
20,9,302530,Opticap XL4 Capsule Filter(KTGRA04TT3),EA,9,,,,,
20,9,302572,Millex-FG Filter(MTGR85000),EA,,,,,,
20,9,302573,C-Flex Tubing(072-313-3),EA,,,,,,
20,9,302620,CTGR75S01 Millipore Filter,EA,,,,,,
20,9,302621,KVGB04TC3 Milliporre Filter,EA,,,,,,
20,9,302622,CTGB72TP3 Millipore Filter,EA,,,,,,
20,9,302623,AB05PFR7PVH4 Pall Filter,EA,,,,,,
20,9,302690,액체 세제 (액츠 무진복 세탁용),EA,,7,,,,
20,9,302774,Aervent 20' Cartridge Filter CTGR72TP1,EA,,,,,,
20,9,302780,H2O2 for HPV,EA,,,,,,
20,9,302880,Sartfluor GA,EA,,,7,,,
20,9,302881,Sartfluor junior,EA,,,,,,
20,9,302882,SP Sephadex C50 자가,g,,,,,,
20,9,303090,테크세제,EA,,,,,,
20,9,302841,72B/A4 Clean paper,EA,,,,,,
20,9,200522,화이버 드럼,EA,,,,24,,
20,9,106602,보위딕 테스트 팩(Terragene),EA,,16,3,,,
20,9,302255,필터 (PFY2UY300J),EA,,,,,,
20,9,302571,Sartofluor Filter(5185307T8),EA,,,,,,
20,9,302151,Sartoclean CA 20',EA,,,,,,
20,9,302257,필터 (PFY1J012J),EA,,,,,,
20,9,302914,Sterile Filter(KA3EKVP10.2um),EA,,,,,,
20,9,300953,킴텍스(50×70×1),EA,,,,,,
20,9,302321,훈증액 MINNACARE COLD STERILANT,BT,,,,,,
20,9,302254,필터 (MBS1002RJH2),EA,,,,,,
20,9,103638,밀리팩200(MPGL2GCL3),EA,,,4,,,
20,9,102141,SARTOBRAN P 10' Filter,EA,,,,,,
20,9,100351,Filter SARTOPURE PP2,EA,,,,,,
20,9,303031,DECON-SPORE 200 Plus(0.4%)472mL 자가,EA,23,13,5,,,
20,9,303034,Decon-cycle (Disinfectant)472mL 자가,EA,,15,,,,
20,9,303038,DECON-SPORE200Plus(0.4% )Gallon siz자가,EA,7,2,4,,,
20,9,303041,Decon-cycle(Disinfectant)Gallonsize자가,EA,8,14,2,,,
20,9,303036,70% IPA 472mL 자가,EA,133,51,51,,12,12
20,9,303060,70% IPA Gallon size 자가,EA,,,,,,
20,9,303033,5% Decon-spore (Sporicide)472mL 자가,EA,18,1,,,,
20,9,303039,5% Decon-spore(Sporicide)Gallon size자가,EA,2,2,2,,,1
20,9,303035,Hypo-chlor (Sporicide)472mL 자가,EA,,,,,,
20,9,303040,Hypo-chlor (Sporicide) Gallon size 자가,EA,,,,,,
20,9,303080,70% IPA Dispenser용(자동분무기용),EA,,6,,,,1
20,9,102990,Filter Unit 1L 자가(Bottle top),EA,27,,10,,,
20,9,100136,트립신에데트산나트륨,mL ,,,,,,
20,8,100130,디메티콘 유제 35% 자가,g,,,,,,
20,8,105521,TSB(Non animal origin) 자가,BT,,,,,,
20,8,105944,20L Glass bottle(screw),EA,,,,,,
20,8,105996,멸균백1200*1200mm,EA,,,,,,
20,8,105998,멸균백400*500mm,EA,,100,,,,
20,8,106159,Durapore Opticap XL4 (KVGLA04TT3),EA,,,,,,
20,8,300006,퐁퐁,EA,,,,,,
20,8,300009,Sartofluor GA 10',EA,,7,,,,
20,8,300010,Sartofluor GA 20',EA,,,,,,
20,8,300011,Sartofluor Mini,EA,,,,,,
20,8,302000,수산화나트륨(퀴놀론1KG),kg,,,,40,,
20,8,LMSM00007C,수산화나트륨 자가 (1kg),kg,20,,,,,
20,8,302060,AGP Solution Kit,EA,,,,,,
20,8,302101,5mL PC Validation Vial,EA,,,,,,
20,8,302102,Autoclave Indicator. Sigmaware,EA,,,,,,
20,8,302103,Hi Temperature Indicator(Shamrock)(건열),EA,,,,,,
20,8,302104,Chemical Indicator 1250 (3M),EA,,,,,,
20,8,302109,락스 (럭키),EA,,,2,,,
20,8,302122,염화나트륨(수지 재생용) 자가,kg,,,,,,
20,8,302123,펌프 튜빙(Masterflex L/S 16),EA,,,,,,
20,8,302124,펌프 튜빙(Masterflex L/S 17),EA,,,,,,
20,8,302125,펌프 튜빙(Masterflex L/S 18),EA,,,,,,
20,8,302126,펌프 튜빙(Masterflex L/S 24),EA,,,,,,
20,8,302127,펌프 튜빙(Masterflex I/P 73),EA,,,,,,
20,8,302128,펌프 튜빙(Masterflex I/P 82),EA,,,,,,
20,8,302143,Endotoxin Indicator(Endosafe) 자가,EA,1,,,,,
20,8,302161,Durapore 필터(SCGVU11RE),EA,,4,,,,
20,8,302170,아세톤 자가,mL ,,,3000,,,
20,8,302171,Optiseal 필터(LAGR04TP6),EA,,,,,,
20,8,302210,펌프 튜빙(NALGENE 8060-0200),EA,2,,,,,
20,8,302212,펌프 튜빙(NALGENE 8060-0100),EA,,,,,,
20,8,302213,펌프 튜빙(NALGENE 8060-0060),EA,,,,,,
20,8,302214,펌프 튜빙(NALGENE 8060-0040),EA,,,,,,
20,8,302250,필터 (PUY2UY300H),EA,,,,6,,
20,8,302251,필터 (PUY2UY100H),EA,,,,,,
20,8,302256,필터 (PUY1UY400J),EA,,,,,,
20,8,302259,필터 (AB1PFA7PVH4),EA,,,,,,
20,8,302260,필터 (AB3NFZ7PH4),EA,,,,,,
20,8,302341,펌프 튜빙(Masterflex L/S 25),EA,,,,,,
20,8,302450,필터(SLK7002PFRP)(스팀필터),EA,2,,,,,
20,8,302451,필터(MCY4463PFRPVH4)(N2 필터),EA,1,,,,,
20,8,302452,필터(AB1CPFR7PVH4)(DIP 필터),EA,,,,,,
20,8,302453,필터(CTGB71TP3)(스팀필터),EA,2,,,,,
20,8,302481,구연산무수(99.5%이상),kg,,,,,,
20,8,302520,PFA Tubing(EW-06371-04),EA,,,,,,
20,8,302521,PFA Tubing(RZ-06375-02),EA,,,,,,
20,8,302530,Opticap XL4 Capsule Filter(KTGRA04TT3),EA,,,,,,
20,8,302572,Millex-FG Filter(MTGR85000),EA,,,,,,
20,8,302573,C-Flex Tubing(072-313-3),EA,,,,,,
20,8,302620,CTGR75S01 Millipore Filter,EA,,,,,,
20,8,302621,KVGB04TC3 Milliporre Filter,EA,,,,,,
20,8,302622,CTGB72TP3 Millipore Filter,EA,,,,,,
20,8,302623,AB05PFR7PVH4 Pall Filter,EA,,,,,,
20,8,302690,액체 세제 (액츠 무진복 세탁용),EA,,5,,,,
20,8,302774,Aervent 20' Cartridge Filter CTGR72TP1,EA,,,,,,
20,8,302780,H2O2 for HPV,EA,,,,,,
20,8,302880,Sartfluor GA,EA,,,,,,
20,8,302881,Sartfluor junior,EA,,,,,,
20,8,302882,SP Sephadex C50 자가,g,,,,,,
20,8,303090,테크세제,EA,,,,,,
20,8,302841,72B/A4 Clean paper,EA,,,,,,
20,8,200522,화이버 드럼,EA,,,,24,,
20,8,106602,보위딕 테스트 팩(Terragene),EA,60,2,12,,,
20,8,302255,필터 (PFY2UY300J),EA,,,,,,
20,8,302571,Sartofluor Filter(5185307T8),EA,,,,,,
20,8,302151,Sartoclean CA 20',EA,,,,,,
20,8,302257,필터 (PFY1J012J),EA,,,,,,
20,8,302914,Sterile Filter(KA3EKVP10.2um),EA,,,,,,
20,8,300953,킴텍스(50×70×1),EA,,,,,,
20,8,302321,훈증액 MINNACARE COLD STERILANT,BT,,,,,,
20,8,302254,필터 (MBS1002RJH2),EA,,,,,,
20,8,103638,밀리팩200(MPGL2GCL3),EA,3,1,,,,
20,8,102141,SARTOBRAN P 10' Filter,EA,,,,,,
20,8,100351,Filter SARTOPURE PP2,EA,,,,,,
20,8,303031,DECON-SPORE 200 Plus(0.4%)472mL 자가,EA,,15,,,,
20,8,303034,Decon-cycle (Disinfectant)472mL 자가,EA,28,3,17,,,
20,8,303038,DECON-SPORE200Plus(0.4% )Gallon siz자가,EA,28,7,2,,,
20,8,303041,Decon-cycle(Disinfectant)Gallonsize자가,EA,13,,7,,,
20,8,303036,70% IPA 472mL 자가,EA,64,35,29,,,
20,8,303060,70% IPA Gallon size 자가,EA,16,,,,,
20,8,303033,5% Decon-spore (Sporicide)472mL 자가,EA,21,,,,,
20,8,303039,5% Decon-spore(Sporicide)Gallon size자가,EA,2,,,,,
20,8,303035,Hypo-chlor (Sporicide)472mL 자가,EA,,,,,,
20,8,303040,Hypo-chlor (Sporicide) Gallon size 자가,EA,,,,,,
20,8,303080,70% IPA Dispenser용(자동분무기용),EA,12,,,,,
20,8,102990,Filter Unit 1L 자가(Bottle top),EA,28,,10,,,
20,8,100136,트립신에데트산나트륨,mL ,,,100,,,
20,7,100130,디메티콘 유제 35% 자가,g,,,,,,
20,7,105521,TSB(Non animal origin) 자가,BT,,,,,,
20,7,105944,20L Glass bottle(screw),EA,,,,,,
20,7,105996,멸균백1200*1200mm,EA,,,,,,
20,7,105998,멸균백400*500mm,EA,100,,,,,
20,7,106159,Durapore Opticap XL4 (KVGLA04TT3),EA,,,,,,
20,7,300006,퐁퐁,EA,5,,,,,
20,7,300009,Sartofluor GA 10',EA,,,1,,,
20,7,300010,Sartofluor GA 20',EA,,,,,,
20,7,300011,Sartofluor Mini,EA,,,,,,
20,7,302000,수산화나트륨(퀴놀론1KG),kg,,,,37.012,,
20,7,LMSM00007C,수산화나트륨 자가 (1kg),kg,,,,,,
20,7,302060,AGP Solution Kit,EA,,,8,,,
20,7,302101,5mL PC Validation Vial,EA,,,,,,
20,7,302102,Autoclave Indicator. Sigmaware,EA,,,,,,
20,7,302103,Hi Temperature Indicator(Shamrock)(건열),EA,,,,,,
20,7,302104,Chemical Indicator 1250 (3M),EA,,,,,,
20,7,302109,락스 (럭키),EA,,,2,,,
20,7,302122,염화나트륨(수지 재생용) 자가,kg,,,,,,
20,7,302123,펌프 튜빙(Masterflex L/S 16),EA,,,,,,
20,7,302124,펌프 튜빙(Masterflex L/S 17),EA,,,4,,,
20,7,302125,펌프 튜빙(Masterflex L/S 18),EA,,,,,,
20,7,302126,펌프 튜빙(Masterflex L/S 24),EA,,,1,,,
20,7,302127,펌프 튜빙(Masterflex I/P 73),EA,,,,,,
20,7,302128,펌프 튜빙(Masterflex I/P 82),EA,,,2,,,
20,7,302143,Endotoxin Indicator(Endosafe) 자가,EA,2,,,,,
20,7,302161,Durapore 필터(SCGVU11RE),EA,,2,,,,
20,7,302170,아세톤 자가,mL ,,,,,,
20,7,302171,Optiseal 필터(LAGR04TP6),EA,,1,,,,
20,7,302210,펌프 튜빙(NALGENE 8060-0200),EA,,,,,,
20,7,302212,펌프 튜빙(NALGENE 8060-0100),EA,,,,,,
20,7,302213,펌프 튜빙(NALGENE 8060-0060),EA,1,,,,,
20,7,302214,펌프 튜빙(NALGENE 8060-0040),EA,,,,,,
20,7,302250,필터 (PUY2UY300H),EA,,,,,,
20,7,302251,필터 (PUY2UY100H),EA,,,,,,
20,7,302256,필터 (PUY1UY400J),EA,,,,,,
20,7,302259,필터 (AB1PFA7PVH4),EA,,,,,,
20,7,302260,필터 (AB3NFZ7PH4),EA,,,,,,
20,7,302341,펌프 튜빙(Masterflex L/S 25),EA,,,,,,
20,7,302450,필터(SLK7002PFRP)(스팀필터),EA,1,,,,,
20,7,302451,필터(MCY4463PFRPVH4)(N2 필터),EA,,,,,,
20,7,302452,필터(AB1CPFR7PVH4)(DIP 필터),EA,,,,,,
20,7,302453,필터(CTGB71TP3)(스팀필터),EA,8,,,,,
20,7,302481,구연산무수(99.5%이상),kg,,,,,,
20,7,302520,PFA Tubing(EW-06371-04),EA,,,,,,
20,7,302521,PFA Tubing(RZ-06375-02),EA,,,,,,
20,7,302530,Opticap XL4 Capsule Filter(KTGRA04TT3),EA,,,,,,
20,7,302572,Millex-FG Filter(MTGR85000),EA,,,,,,
20,7,302573,C-Flex Tubing(072-313-3),EA,,,,,,
20,7,302620,CTGR75S01 Millipore Filter,EA,1,,,,,
20,7,302621,KVGB04TC3 Milliporre Filter,EA,,,,,,
20,7,302622,CTGB72TP3 Millipore Filter,EA,,,,,,
20,7,302623,AB05PFR7PVH4 Pall Filter,EA,,,,,,
20,7,302690,액체 세제 (액츠 무진복 세탁용),EA,,5,,,,
20,7,302774,Aervent 20' Cartridge Filter CTGR72TP1,EA,2,,,,,
20,7,302780,H2O2 for HPV,EA,12,,,,,
20,7,302880,Sartfluor GA,EA,,,,,,
20,7,302881,Sartfluor junior,EA,,,,,,
20,7,302882,SP Sephadex C50 자가,g,,,,,,
20,7,303090,테크세제,EA,,,1,,,
20,7,302841,72B/A4 Clean paper,EA,1000,,,,,
20,7,200522,화이버 드럼,EA,,,,,,
20,7,106602,보위딕 테스트 팩(Terragene),EA,144,10,3,,,
20,7,302255,필터 (PFY2UY300J),EA,,,,,,
20,7,302571,Sartofluor Filter(5185307T8),EA,,,,,,
20,7,302151,Sartoclean CA 20',EA,,,,,,
20,7,302257,필터 (PFY1J012J),EA,,,,,,
20,7,302914,Sterile Filter(KA3EKVP10.2um),EA,,,,,,
20,7,300953,킴텍스(50×70×1),EA,,,,,,
20,7,302321,훈증액 MINNACARE COLD STERILANT,BT,,,,,,
20,7,302254,필터 (MBS1002RJH2),EA,,,,,,
20,7,103638,밀리팩200(MPGL2GCL3),EA,,1,,,,
20,7,102141,SARTOBRAN P 10' Filter,EA,,,,,,
20,7,100351,Filter SARTOPURE PP2,EA,,,,,,
20,7,303031,DECON-SPORE 200 Plus(0.4%)472mL 자가,EA,3,6,5,,,
20,7,303034,Decon-cycle (Disinfectant)472mL 자가,EA,,6,,,,
20,7,303038,DECON-SPORE200Plus(0.4% )Gallon siz자가,EA,2,,,,,
20,7,303041,Decon-cycle(Disinfectant)Gallonsize자가,EA,28,,1,,,
20,7,303036,70% IPA 472mL 자가,EA,84,13,17,,12,24
20,7,303060,70% IPA Gallon size 자가,EA,,,,,,
20,7,303033,5% Decon-spore (Sporicide)472mL 자가,EA,7,,,,,
20,7,303039,5% Decon-spore(Sporicide)Gallon size자가,EA,,,,,,
20,7,303035,Hypo-chlor (Sporicide)472mL 자가,EA,,,,,,
20,7,303040,Hypo-chlor (Sporicide) Gallon size 자가,EA,,,,,,
20,7,303080,70% IPA Dispenser용(자동분무기용),EA,,,,,,1
20,7,102990,Filter Unit 1L 자가(Bottle top),EA,24,,25,,,
20,7,100136,트립신에데트산나트륨,mL ,,,,,,
19,9,100130,디메티콘 유제 35% 자가,g,,,,,,
19,9,105521,TSB(Non animal origin) 자가,BT,,,,,,
19,9,105944,20L Glass bottle(screw),EA,,,,,,
19,9,105996,멸균백1200*1200mm,EA,,,,,,
19,9,105998,멸균백400*500mm,EA,0,0,0,,,
19,9,106159,Durapore Opticap XL4 (KVGLA04TT3),EA,,,,,,
19,9,300006,퐁퐁,EA,0,0,0,,,
19,9,300009,Sartofluor GA 10',EA,,0,,,,
19,9,300010,Sartofluor GA 20',EA,,,,,,
19,9,300011,Sartofluor Mini,EA,,3,,,,
19,9,302000,수산화나트륨(퀴놀론1KG),kg,0,,,8,,
19,9,302060,AGP Solution Kit,EA,,,4,,,
19,9,302101,5mL PC Validation Vial,EA,,,0,,60,
19,9,302102,Autoclave Indicator. Sigmaware,EA,,12,,,,
19,9,302103,Hi Temperature Indicator(Shamrock)(건열),EA,0,,,,,
19,9,302104,Chemical Indicator 1250 (3M),EA,,,,,,
19,9,302109,락스 (럭키),EA,,3,0,,,
19,9,302123,펌프 튜빙(Masterflex L/S 16),EA,0,,0,,,
19,9,302124,펌프 튜빙(Masterflex L/S 17),EA,,,0,,,
19,9,302125,펌프 튜빙(Masterflex L/S 18),EA,,,,,,
19,9,302126,펌프 튜빙(Masterflex L/S 24),EA,,,0,,,
19,9,302127,펌프 튜빙(Masterflex I/P 73),EA,,,0,,,
19,9,302128,펌프 튜빙(Masterflex I/P 82),EA,,1,1,,,
19,9,302143,Endotoxin Indicator(Endosafe) 자가,EA,1,,,,,1
19,9,302161,Durapore 필터(SCGVU11RE),EA,,,,,,
19,9,302170,아세톤 자가,mL ,,,,,,
19,9,302171,Optiseal 필터(LAGR04TP6),EA,,,,,,
19,9,302210,펌프 튜빙(NALGENE 8060-0200),EA,2,,,,,
19,9,302212,펌프 튜빙(NALGENE 8060-0100),EA,0,,,,,
19,9,302213,펌프 튜빙(NALGENE 8060-0060),EA,,,,,,
19,9,302214,펌프 튜빙(NALGENE 8060-0040),EA,,,,,,
19,9,302250,필터 (PUY2UY300H),EA,,,,,,
19,9,302251,필터 (PUY2UY100H),EA,,,,0,,
19,9,302256,필터 (PUY1UY400J),EA,,,,,,
19,9,302259,필터 (AB1PFA7PVH4),EA,,,,,,
19,9,302260,필터 (AB3NFZ7PH4),EA,,,,,,
19,9,302341,펌프 튜빙(Masterflex L/S 25),EA,,,,,,
19,9,302450,필터(SLK7002PFRP)(스팀필터),EA,,,,,,
19,9,302451,필터(MCY4463PFRPVH4)(N2 필터),EA,,,,,,
19,9,302452,필터(AB1CPFR7PVH4)(DIP 필터),EA,,,,,,
19,9,302453,필터(CTGB71TP3)(스팀필터),EA,,1,,,,
19,9,302481,구연산무수(99.5%이상),kg,,,,,,
19,9,302520,PFA Tubing(EW-06371-04),EA,,,,,,
19,9,302521,PFA Tubing(RZ-06375-02),EA,3,,1,,,
19,9,302530,Opticap XL4 Capsule Filter(KTGRA04TT3),EA,4,,,,,
19,9,302572,Millex-FG Filter(MTGR85000),EA,,,,,,
19,9,302573,C-Flex Tubing(072-313-3),EA,,,,,,
19,9,302620,CTGR75S01 Millipore Filter,EA,,,,,,
19,9,302621,KVGB04TC3 Milliporre Filter,EA,,,,,,
19,9,302622,CTGB72TP3 Millipore Filter,EA,,,,,,
19,9,302623,AB05PFR7PVH4 Pall Filter,EA,,,,,,
19,9,302690,액체 세제 (액츠 무진복 세탁용),EA,,0,0,0,,
19,9,302774,Aervent 20' Cartridge Filter CTGR72TP1,EA,,,,,,
19,9,302780,H2O2 for HPV,EA,,,,,,
19,9,302880,Sartfluor GA,EA,,,,,,
19,9,302881,Sartfluor junior,EA,,,,,,
19,9,302882,SP Sephadex C50 자가,g,,,,,,
19,9,303090,테크세제,EA,,,1,,,
19,9,302841,72B/A4 Clean paper,EA,1,,,,,
19,9,200522,화이버 드럼,EA,,,,8,,
19,9,106602,보위딕 테스트 팩(Terragene),EA,140,2,0,,0,
19,9,302255,필터 (PFY2UY300J),EA,,,,,,
19,9,302571,Sartofluor Filter(5185307T8),EA,,,,,,
19,9,302151,Sartoclean CA 20',EA,,,,,,
19,9,302257,필터 (PFY1J012J),EA,,,,,,
19,9,302914,Sterile Filter(KA3EKVP10.2um),EA,,,,,,3
19,9,300953,킴텍스(50×70×1),EA,200,,,,,
19,9,302321,훈증액 MINNACARE COLD STERILANT,BT,,,,,,
19,9,302254,필터 (MBS1002RJH2),EA,,,,,,
19,9,103638,밀리팩200(MPGL2GCL3),EA,2,1,0,,,
19,9,102141,SARTOBRAN P 10' Filter,EA,,,,,,
19,9,100351,Filter SARTOPURE PP2,EA,,,7,,,
19,9,303031,DECON-SPORE 200 Plus(0.4%)472mL 자가,EA,9,,7,,0,
19,9,303034,Decon-cycle (Disinfectant)472mL 자가,EA,28,8,2,,0,
19,9,303038,DECON-SPORE200Plus(0.4% )Gallon siz자가,EA,12,2,,,,
19,9,303041,Decon-cycle(Disinfectant)Gallonsize자가,EA,38,5,8,,,
19,9,303036,70% IPA 472mL 자가,EA,186,44,12,,12,24
19,9,303060,70% IPA Gallon size 자가,EA,4,,,,,
19,9,303033,5% Decon-spore (Sporicide)472mL 자가,EA,53,,,,,
19,9,303039,5% Decon-spore(Sporicide)Gallon size자가,EA,0,,,,,
19,9,303035,Hypo-chlor (Sporicide)472mL 자가,EA,,,,,,
19,9,303040,Hypo-chlor (Sporicide) Gallon size 자가,EA,,,,,,
19,9,303080,70% IPA Dispenser용(자동분무기용),EA,8,6,,,0,1
19,9,102990,Filter Unit 1L 자가(Bottle top),EA,20,,10,,,6
19,10,100130,디메티콘 유제 35% 자가,g,,,,,,
19,10,105521,TSB(Non animal origin) 자가,BT,,,,,,
19,10,105944,20L Glass bottle(screw),EA,,,,,,
19,10,105996,멸균백1200*1200mm,EA,,,,,,
19,10,105998,멸균백400*500mm,EA,400,100,200,,,
19,10,106159,Durapore Opticap XL4 (KVGLA04TT3),EA,,3,,,,
19,10,300006,퐁퐁,EA,3,,,,,
19,10,300009,Sartofluor GA 10',EA,,,4,,1,
19,10,300010,Sartofluor GA 20',EA,,,,,,
19,10,300011,Sartofluor Mini,EA,,,,,,
19,10,302000,수산화나트륨(퀴놀론1KG),kg,22,,,21.959,,
19,10,302060,AGP Solution Kit,EA,,,5,,,
19,10,302101,5mL PC Validation Vial,EA,,,,,500,
19,10,302102,Autoclave Indicator. Sigmaware,EA,,1,,,,
19,10,302103,Hi Temperature Indicator(Shamrock)(건열),EA,,,,,,
19,10,302104,Chemical Indicator 1250 (3M),EA,,,,,,
19,10,302109,락스 (럭키),EA,,2,2,,,1
19,10,302122,염화나트륨(수지 재생용) 자가,kg,,,,,,
19,10,302123,펌프 튜빙(Masterflex L/S 16),EA,4,,,,,
19,10,302124,펌프 튜빙(Masterflex L/S 17),EA,,,3,,,
19,10,302125,펌프 튜빙(Masterflex L/S 18),EA,,,,,,
19,10,302126,펌프 튜빙(Masterflex L/S 24),EA,,3,2,,,
19,10,302127,펌프 튜빙(Masterflex I/P 73),EA,,,,,,
19,10,302128,펌프 튜빙(Masterflex I/P 82),EA,,,,,,
19,10,302143,Endotoxin Indicator(Endosafe) 자가,EA,,,,,,
19,10,302161,Durapore 필터(SCGVU11RE),EA,,,,,,
19,10,302170,아세톤 자가,mL ,,,6000,,,
19,10,302171,Optiseal 필터(LAGR04TP6),EA,6,,,,,
19,10,302210,펌프 튜빙(NALGENE 8060-0200),EA,2,,1,,,
19,10,302212,펌프 튜빙(NALGENE 8060-0100),EA,1,,,,,
19,10,302213,펌프 튜빙(NALGENE 8060-0060),EA,1,,,,,
19,10,302214,펌프 튜빙(NALGENE 8060-0040),EA,,,,,,
19,10,302250,필터 (PUY2UY300H),EA,,,,,,
19,10,302251,필터 (PUY2UY100H),EA,,,,,,
19,10,302256,필터 (PUY1UY400J),EA,,,,,,
19,10,302259,필터 (AB1PFA7PVH4),EA,,,,,,
19,10,302260,필터 (AB3NFZ7PH4),EA,,,,,,
19,10,302341,펌프 튜빙(Masterflex L/S 25),EA,,,,,,
19,10,302450,필터(SLK7002PFRP)(스팀필터),EA,,,,,,
19,10,302451,필터(MCY4463PFRPVH4)(N2 필터),EA,,,,,,
19,10,302452,필터(AB1CPFR7PVH4)(DIP 필터),EA,,,,,,
19,10,302453,필터(CTGB71TP3)(스팀필터),EA,,1,,,,
19,10,302481,구연산무수(99.5%이상),kg,,,,,,
19,10,302520,PFA Tubing(EW-06371-04),EA,,,,,,
19,10,302521,PFA Tubing(RZ-06375-02),EA,,,,,,
19,10,302530,Opticap XL4 Capsule Filter(KTGRA04TT3),EA,1,,,,,
19,10,302572,Millex-FG Filter(MTGR85000),EA,2,,,,,
19,10,302573,C-Flex Tubing(072-313-3),EA,,,,,,
19,10,302620,CTGR75S01 Millipore Filter,EA,,,,,,
19,10,302621,KVGB04TC3 Milliporre Filter,EA,,,,,,
19,10,302622,CTGB72TP3 Millipore Filter,EA,,,,,,
19,10,302623,AB05PFR7PVH4 Pall Filter,EA,,,,,,
19,10,302690,액체 세제 (액츠 무진복 세탁용),EA,,3,5,,,
19,10,302774,Aervent 20' Cartridge Filter CTGR72TP1,EA,,,,,,
19,10,302780,H2O2 for HPV,EA,,,,,,
19,10,302880,Sartfluor GA,EA,,,6,,,
19,10,302881,Sartfluor junior,EA,,,,,,
19,10,302882,SP Sephadex C50 자가,g,,,,,,
19,10,303090,테크세제,EA,,,,,,
19,10,302841,72B/A4 Clean paper,EA,1000,,,,,
19,10,200522,화이버 드럼,EA,,,,18,,
19,10,106602,보위딕 테스트 팩(Terragene),EA,,2,3,,,
19,10,302255,필터 (PFY2UY300J),EA,,,,,,
19,10,302571,Sartofluor Filter(5185307T8),EA,1,,,,,
19,10,302151,Sartoclean CA 20',EA,,,,,,
19,10,302257,필터 (PFY1J012J),EA,,,,,,
19,10,302914,Sterile Filter(KA3EKVP10.2um),EA,,,,,,
19,10,300953,킴텍스(50×70×1),EA,240,,,,,
19,10,302321,훈증액 MINNACARE COLD STERILANT,BT,,,,,,
19,10,302254,필터 (MBS1002RJH2),EA,,,,,,
19,10,103638,밀리팩200(MPGL2GCL3),EA,1,4,,,,
19,10,102141,SARTOBRAN P 10' Filter,EA,,,4,,,
19,10,100351,Filter SARTOPURE PP2,EA,,,8,,,
19,10,303031,DECON-SPORE 200 Plus(0.4%)472mL 자가,EA,24,,,,,
19,10,303034,Decon-cycle (Disinfectant)472mL 자가,EA,22,12,4,,,
19,10,303038,DECON-SPORE200Plus(0.4% )Gallon siz자가,EA,36,,,,,
19,10,303041,Decon-cycle(Disinfectant)Gallonsize자가,EA,9,6,4,,,
19,10,303036,70% IPA 472mL 자가,EA,144,32,36,,,12
19,10,303060,70% IPA Gallon size 자가,EA,2,,,,,
19,10,303033,5% Decon-spore (Sporicide)472mL 자가,EA,14,,,,,
19,10,303039,5% Decon-spore(Sporicide)Gallon size자가,EA,2,1,,,,
19,10,303035,Hypo-chlor (Sporicide)472mL 자가,EA,,,,,,
19,10,303040,Hypo-chlor (Sporicide) Gallon size 자가,EA,,,,,,
19,10,303080,70% IPA Dispenser용(자동분무기용),EA,,,,,,
19,10,102990,Filter Unit 1L 자가(Bottle top),EA,31,,10,,,
19,11,100130,디메티콘 유제 35% 자가,g,,,,,,
19,11,105521,TSB(Non animal origin) 자가,BT,,,,,,
19,11,105944,20L Glass bottle(screw),EA,,,40,,,
19,11,105996,멸균백1200*1200mm,EA,,,,,,
19,11,105998,멸균백400*500mm,EA,200,,100,,,
19,11,106159,Durapore Opticap XL4 (KVGLA04TT3),EA,,,,,,
19,11,300006,퐁퐁,EA,1,,5,,,
19,11,300009,Sartofluor GA 10',EA,,6,10,,,
19,11,300010,Sartofluor GA 20',EA,,1,,,,
19,11,300011,Sartofluor Mini,EA,,6,2,,,
19,11,302000,수산화나트륨(퀴놀론1KG),kg,15.959,,,55,,
19,11,302060,AGP Solution Kit,EA,,,10,,,
19,11,302101,5mL PC Validation Vial,EA,,,,,,
19,11,302102,Autoclave Indicator. Sigmaware,EA,,4,,,,
19,11,302103,Hi Temperature Indicator(Shamrock)(건열),EA,,,,,,
19,11,302104,Chemical Indicator 1250 (3M),EA,,,,,,
19,11,302109,락스 (럭키),EA,,,4,,,
19,11,302122,염화나트륨(수지 재생용) 자가,kg,,,,,,
19,11,302123,펌프 튜빙(Masterflex L/S 16),EA,,,3,,,
19,11,302124,펌프 튜빙(Masterflex L/S 17),EA,,,,,,
19,11,302125,펌프 튜빙(Masterflex L/S 18),EA,,,,,,
19,11,302126,펌프 튜빙(Masterflex L/S 24),EA,,,2,,,
19,11,302127,펌프 튜빙(Masterflex I/P 73),EA,,,3,,,
19,11,302128,펌프 튜빙(Masterflex I/P 82),EA,,4,,,,
19,11,302143,Endotoxin Indicator(Endosafe) 자가,EA,,1,,,,
19,11,302161,Durapore 필터(SCGVU11RE),EA,,3,,,,
19,11,302170,아세톤 자가,mL ,,,,,,
19,11,302171,Optiseal 필터(LAGR04TP6),EA,,,,,,
19,11,302210,펌프 튜빙(NALGENE 8060-0200),EA,,,,,,
19,11,302212,펌프 튜빙(NALGENE 8060-0100),EA,,,,,,
19,11,302213,펌프 튜빙(NALGENE 8060-0060),EA,,,,,,
19,11,302214,펌프 튜빙(NALGENE 8060-0040),EA,,,,,,
19,11,302250,필터 (PUY2UY300H),EA,,,,18,,
19,11,302251,필터 (PUY2UY100H),EA,,,,3,,
19,11,302256,필터 (PUY1UY400J),EA,,,,5,,
19,11,302259,필터 (AB1PFA7PVH4),EA,,,,5,,
19,11,302260,필터 (AB3NFZ7PH4),EA,,,,4,,
19,11,302341,펌프 튜빙(Masterflex L/S 25),EA,,,,,,3
19,11,302450,필터(SLK7002PFRP)(스팀필터),EA,4,,,,,
19,11,302451,필터(MCY4463PFRPVH4)(N2 필터),EA,,,,,,
19,11,302452,필터(AB1CPFR7PVH4)(DIP 필터),EA,,,,,,
19,11,302453,필터(CTGB71TP3)(스팀필터),EA,1,,,,,
19,11,302481,구연산무수(99.5%이상),kg,,,,,,
19,11,302520,PFA Tubing(EW-06371-04),EA,,,,,,
19,11,302521,PFA Tubing(RZ-06375-02),EA,,,,,,
19,11,302530,Opticap XL4 Capsule Filter(KTGRA04TT3),EA,5,,,,,
19,11,302572,Millex-FG Filter(MTGR85000),EA,,,,,,
19,11,302573,C-Flex Tubing(072-313-3),EA,,,,,,
19,11,302620,CTGR75S01 Millipore Filter,EA,,,,,,
19,11,302621,KVGB04TC3 Milliporre Filter,EA,,,,,,
19,11,302622,CTGB72TP3 Millipore Filter,EA,,,,,,
19,11,302623,AB05PFR7PVH4 Pall Filter,EA,,,,,,
19,11,302690,액체 세제 (액츠 무진복 세탁용),EA,,3,2,,,
19,11,302774,Aervent 20' Cartridge Filter CTGR72TP1,EA,,,,,,
19,11,302780,H2O2 for HPV,EA,,,,,,
19,11,302880,Sartfluor GA,EA,,,5,,,
19,11,302881,Sartfluor junior,EA,,,,,,
19,11,302882,SP Sephadex C50 자가,g,,,,,,
19,11,303090,테크세제,EA,,,1,,,
19,11,302841,72B/A4 Clean paper,EA,,,,,,
19,11,200522,화이버 드럼,EA,,,,30,,
19,11,106602,보위딕 테스트 팩(Terragene),EA,120,2,6,,,
19,11,302255,필터 (PFY2UY300J),EA,,,,2,,
19,11,302571,Sartofluor Filter(5185307T8),EA,,,,,,
19,11,302151,Sartoclean CA 20',EA,,,,,,
19,11,302257,필터 (PFY1J012J),EA,,,,4,,
19,11,302914,Sterile Filter(KA3EKVP10.2um),EA,,,,,,
19,11,300953,킴텍스(50×70×1),EA,,,,,,
19,11,302321,훈증액 MINNACARE COLD STERILANT,BT,,,,,,
19,11,302254,필터 (MBS1002RJH2),EA,,,,,,
19,11,103638,밀리팩200(MPGL2GCL3),EA,1,5,2,,,
19,11,102141,SARTOBRAN P 10' Filter,EA,,,,,,
19,11,100351,Filter SARTOPURE PP2,EA,,,17,,,
19,11,303031,DECON-SPORE 200 Plus(0.4%)472mL 자가,EA,12,12,12,,,
19,11,303034,Decon-cycle (Disinfectant)472mL 자가,EA,12,,,,,
19,11,303038,DECON-SPORE200Plus(0.4% )Gallon siz자가,EA,25,6,8,,,
19,11,303041,Decon-cycle(Disinfectant)Gallonsize자가,EA,28,1,2,,,
19,11,303036,70% IPA 472mL 자가,EA,220,43,34,,12,36
19,11,303060,70% IPA Gallon size 자가,EA,,,,,,
19,11,303033,5% Decon-spore (Sporicide)472mL 자가,EA,11,6,,,,
19,11,303039,5% Decon-spore(Sporicide)Gallon size자가,EA,2,7,,,,
19,11,303035,Hypo-chlor (Sporicide)472mL 자가,EA,,,,,,
19,11,303040,Hypo-chlor (Sporicide) Gallon size 자가,EA,,,,,,
19,11,303080,70% IPA Dispenser용(자동분무기용),EA,,,,,,
19,11,102990,Filter Unit 1L 자가(Bottle top),EA,48,,10,,,
19,12,100130,디메티콘 유제 35% 자가,g,,,,,,
19,12,105521,TSB(Non animal origin) 자가,BT,,,,,,
19,12,105944,20L Glass bottle(screw),EA,,,,,,
19,12,105996,멸균백1200*1200mm,EA,,,,,,
19,12,105998,멸균백400*500mm,EA,400,,0,,,
19,12,106159,Durapore Opticap XL4 (KVGLA04TT3),EA,,,,,,
19,12,300006,퐁퐁,EA,3,,0,,5,
19,12,300009,Sartofluor GA 10',EA,,0,3,,,
19,12,300010,Sartofluor GA 20',EA,,,,,,
19,12,300011,Sartofluor Mini,EA,,,,,,
19,12,302000,수산화나트륨(퀴놀론1KG),kg,0,,,54.917,,
19,12,302060,AGP Solution Kit,EA,,,0,,,
19,12,302101,5mL PC Validation Vial,EA,,,0,,0,
19,12,302102,Autoclave Indicator. Sigmaware,EA,,6,0,,,
19,12,302103,Hi Temperature Indicator(Shamrock)(건열),EA,,,,,,
19,12,302104,Chemical Indicator 1250 (3M),EA,,,,,,
19,12,302109,락스 (럭키),EA,,1,2,,,
19,12,302122,염화나트륨(수지 재생용) 자가,kg,,,,,,
19,12,302123,펌프 튜빙(Masterflex L/S 16),EA,5,2,0,,,
19,12,302124,펌프 튜빙(Masterflex L/S 17),EA,,,0,,,
19,12,302125,펌프 튜빙(Masterflex L/S 18),EA,,,,,,
19,12,302126,펌프 튜빙(Masterflex L/S 24),EA,,,0,,,
19,12,302127,펌프 튜빙(Masterflex I/P 73),EA,,,0,,,
19,12,302128,펌프 튜빙(Masterflex I/P 82),EA,,,0,,,
19,12,302143,Endotoxin Indicator(Endosafe) 자가,EA,,,,,,
19,12,302161,Durapore 필터(SCGVU11RE),EA,,1,,,,
19,12,302170,아세톤 자가,mL ,,,,,,
19,12,302171,Optiseal 필터(LAGR04TP6),EA,0,,,,,
19,12,302210,펌프 튜빙(NALGENE 8060-0200),EA,5,,,,,
19,12,302212,펌프 튜빙(NALGENE 8060-0100),EA,0,,,,,
19,12,302213,펌프 튜빙(NALGENE 8060-0060),EA,0,,,,,
19,12,302214,펌프 튜빙(NALGENE 8060-0040),EA,,,,,,
19,12,302250,필터 (PUY2UY300H),EA,,,,0,,
19,12,302251,필터 (PUY2UY100H),EA,,,,,,
19,12,302256,필터 (PUY1UY400J),EA,,,,,,
19,12,302259,필터 (AB1PFA7PVH4),EA,,,,,,
19,12,302260,필터 (AB3NFZ7PH4),EA,,,,,,
19,12,302341,펌프 튜빙(Masterflex L/S 25),EA,,0,,,,
19,12,302450,필터(SLK7002PFRP)(스팀필터),EA,1,,,,,
19,12,302451,필터(MCY4463PFRPVH4)(N2 필터),EA,,,,,,
19,12,302452,필터(AB1CPFR7PVH4)(DIP 필터),EA,,,,,,
19,12,302453,필터(CTGB71TP3)(스팀필터),EA,,,,,,
19,12,302481,구연산무수(99.5%이상),kg,,,,,,
19,12,302520,PFA Tubing(EW-06371-04),EA,,,,,,
19,12,302521,PFA Tubing(RZ-06375-02),EA,,,,,,
19,12,302530,Opticap XL4 Capsule Filter(KTGRA04TT3),EA,3,,,,,
19,12,302572,Millex-FG Filter(MTGR85000),EA,0,,,,,
19,12,302573,C-Flex Tubing(072-313-3),EA,,,,,,
19,12,302620,CTGR75S01 Millipore Filter,EA,,,,,,
19,12,302621,KVGB04TC3 Milliporre Filter,EA,,,,,,
19,12,302622,CTGB72TP3 Millipore Filter,EA,,,,,,
19,12,302623,AB05PFR7PVH4 Pall Filter,EA,,,,,,
19,12,302690,액체 세제 (액츠 무진복 세탁용),EA,,,5,0,,
19,12,302774,Aervent 20' Cartridge Filter CTGR72TP1,EA,,,,,,
19,12,302780,H2O2 for HPV,EA,,,,,,
19,12,302880,Sartfluor GA,EA,,,0,,,
19,12,302881,Sartfluor junior,EA,,,,,,
19,12,302882,SP Sephadex C50 자가,g,,,,,,
19,12,303090,테크세제,EA,,,,,,
19,12,302841,72B/A4 Clean paper,EA,0,,,,,
19,12,200522,화이버 드럼,EA,,,,16,,
19,12,106602,보위딕 테스트 팩(Terragene),EA,70,5,6,,0,
19,12,302255,필터 (PFY2UY300J),EA,,,,,,
19,12,302571,Sartofluor Filter(5185307T8),EA,0,,,,,
19,12,302151,Sartoclean CA 20',EA,,,,,,
19,12,302257,필터 (PFY1J012J),EA,,,,,,
19,12,302914,Sterile Filter(KA3EKVP10.2um),EA,,,,,,
19,12,300953,킴텍스(50×70×1),EA,300,,,,,
19,12,302321,훈증액 MINNACARE COLD STERILANT,BT,,,,,,
19,12,302254,필터 (MBS1002RJH2),EA,,,,,,
19,12,103638,밀리팩200(MPGL2GCL3),EA,0,3,4,,,
19,12,102141,SARTOBRAN P 10' Filter,EA,,,0,,,
19,12,100351,Filter SARTOPURE PP2,EA,,,12,,,
19,12,303031,DECON-SPORE 200 Plus(0.4%)472mL 자가,EA,48,8,0,,,
19,12,303034,Decon-cycle (Disinfectant)472mL 자가,EA,28,15,5,,,
19,12,303038,DECON-SPORE200Plus(0.4% )Gallon siz자가,EA,22,5,4,,,
19,12,303041,Decon-cycle(Disinfectant)Gallonsize자가,EA,17,,4,,,
19,12,303036,70% IPA 472mL 자가,EA,86,45,28,,,12
19,12,303060,70% IPA Gallon size 자가,EA,8,,,,,
19,12,303033,5% Decon-spore (Sporicide)472mL 자가,EA,4,,,,,
19,12,303039,5% Decon-spore(Sporicide)Gallon size자가,EA,2,,,,,
19,12,303035,Hypo-chlor (Sporicide)472mL 자가,EA,,,,,,
19,12,303040,Hypo-chlor (Sporicide) Gallon size 자가,EA,,,,,,
19,12,303080,70% IPA Dispenser용(자동분무기용),EA,,1,,,,
19,12,102990,Filter Unit 1L 자가(Bottle top),EA,18,,10,,,
20,1,100130,디메티콘 유제 35% 자가,g,,,,,,
20,1,105521,TSB(Non animal origin) 자가,BT,,,,,,
20,1,105944,20L Glass bottle(screw),EA,,,,,,
20,1,105996,멸균백1200*1200mm,EA,,,,,,
20,1,105998,멸균백400*500mm,EA,,100,200,,,
20,1,106159,Durapore Opticap XL4 (KVGLA04TT3),EA,3,,,,,
20,1,300006,퐁퐁,EA,,1,,,,
20,1,300009,Sartofluor GA 10',EA,,2,,,,
20,1,300010,Sartofluor GA 20',EA,,,,,,
20,1,300011,Sartofluor Mini,EA,,1,,,,
20,1,302000,수산화나트륨(퀴놀론1KG),kg,,,,51.29,,
20,1,302060,AGP Solution Kit,EA,,,,,,
20,1,302101,5mL PC Validation Vial,EA,,,,,500,
20,1,302102,Autoclave Indicator. Sigmaware,EA,,,,,,
20,1,302103,Hi Temperature Indicator(Shamrock)(건열),EA,,,,,,
20,1,302104,Chemical Indicator 1250 (3M),EA,,,,,,
20,1,302109,락스 (럭키),EA,,4,2,,,
20,1,302122,염화나트륨(수지 재생용) 자가,kg,,,,,,
20,1,302123,펌프 튜빙(Masterflex L/S 16),EA,5,2,,,,
20,1,302124,펌프 튜빙(Masterflex L/S 17),EA,,,,,,
20,1,302125,펌프 튜빙(Masterflex L/S 18),EA,,,,,,
20,1,302126,펌프 튜빙(Masterflex L/S 24),EA,,2,2,,,
20,1,302127,펌프 튜빙(Masterflex I/P 73),EA,,,,,,
20,1,302128,펌프 튜빙(Masterflex I/P 82),EA,,1,1,,,
20,1,302143,Endotoxin Indicator(Endosafe) 자가,EA,,,,,,1
20,1,302161,Durapore 필터(SCGVU11RE),EA,,6,,,,
20,1,302170,아세톤 자가,mL ,,,3000,,,
20,1,302171,Optiseal 필터(LAGR04TP6),EA,,,,,,
20,1,302210,펌프 튜빙(NALGENE 8060-0200),EA,,,,,,
20,1,302212,펌프 튜빙(NALGENE 8060-0100),EA,3,,,,,
20,1,302213,펌프 튜빙(NALGENE 8060-0060),EA,,,,,,
20,1,302214,펌프 튜빙(NALGENE 8060-0040),EA,,,,,,
20,1,302250,필터 (PUY2UY300H),EA,,,,,,
20,1,302251,필터 (PUY2UY100H),EA,,,,,,
20,1,302256,필터 (PUY1UY400J),EA,,,,,,
20,1,302259,필터 (AB1PFA7PVH4),EA,,,,,,
20,1,302260,필터 (AB3NFZ7PH4),EA,,,,,,
20,1,302341,펌프 튜빙(Masterflex L/S 25),EA,,,,,,
20,1,302450,필터(SLK7002PFRP)(스팀필터),EA,1,,,,,
20,1,302451,필터(MCY4463PFRPVH4)(N2 필터),EA,,,,,,
20,1,302452,필터(AB1CPFR7PVH4)(DIP 필터),EA,,,,,,
20,1,302453,필터(CTGB71TP3)(스팀필터),EA,7,,,,,
20,1,302481,구연산무수(99.5%이상),kg,,,,,,
20,1,302520,PFA Tubing(EW-06371-04),EA,,,,,,
20,1,302521,PFA Tubing(RZ-06375-02),EA,5,,,,,
20,1,302530,Opticap XL4 Capsule Filter(KTGRA04TT3),EA,9,,,,,
20,1,302572,Millex-FG Filter(MTGR85000),EA,,,,,,
20,1,302573,C-Flex Tubing(072-313-3),EA,,,,,,
20,1,302620,CTGR75S01 Millipore Filter,EA,1,,,,,
20,1,302621,KVGB04TC3 Milliporre Filter,EA,,,,,,
20,1,302622,CTGB72TP3 Millipore Filter,EA,2,,,,,
20,1,302623,AB05PFR7PVH4 Pall Filter,EA,2,,,,,
20,1,302690,액체 세제 (액츠 무진복 세탁용),EA,,6,,8,,
20,1,302774,Aervent 20' Cartridge Filter CTGR72TP1,EA,,,,,,
20,1,302780,H2O2 for HPV,EA,,,,,,
20,1,302880,Sartfluor GA,EA,,,,,,
20,1,302881,Sartfluor junior,EA,,,,,,
20,1,302882,SP Sephadex C50 자가,g,,,,,,
20,1,303090,테크세제,EA,,,,,,
20,1,302841,72B/A4 Clean paper,EA,1000,,,,,
20,1,200522,화이버 드럼,EA,,,,38,,
20,1,106602,보위딕 테스트 팩(Terragene),EA,40,4,15,,,
20,1,302255,필터 (PFY2UY300J),EA,,,,,,
20,1,302571,Sartofluor Filter(5185307T8),EA,,,,,,
20,1,302151,Sartoclean CA 20',EA,,,,,,
20,1,302257,필터 (PFY1J012J),EA,,,,,,
20,1,302914,Sterile Filter(KA3EKVP10.2um),EA,,,,,,
20,1,300953,킴텍스(50×70×1),EA,180,,,,,
20,1,302321,훈증액 MINNACARE COLD STERILANT,BT,,,,,,
20,1,302254,필터 (MBS1002RJH2),EA,,,,,,
20,1,103638,밀리팩200(MPGL2GCL3),EA,1,,,,,
20,1,102141,SARTOBRAN P 10' Filter,EA,,,2,,,
20,1,100351,Filter SARTOPURE PP2,EA,,,8,,,
20,1,303031,DECON-SPORE 200 Plus(0.4%)472mL 자가,EA,4,6,5,,5,
20,1,303034,Decon-cycle (Disinfectant)472mL 자가,EA,,,,,5,
20,1,303038,DECON-SPORE200Plus(0.4% )Gallon siz자가,EA,,,,,2,
20,1,303041,Decon-cycle(Disinfectant)Gallonsize자가,EA,31,2,3,,,
20,1,303036,70% IPA 472mL 자가,EA,156,29,57,,12,
20,1,303060,70% IPA Gallon size 자가,EA,,,,,,
20,1,303033,5% Decon-spore (Sporicide)472mL 자가,EA,30,,,,,
20,1,303039,5% Decon-spore(Sporicide)Gallon size자가,EA,2,,,,,
20,1,303035,Hypo-chlor (Sporicide)472mL 자가,EA,,,,,,
20,1,303040,Hypo-chlor (Sporicide) Gallon size 자가,EA,,,,,,
20,1,303080,70% IPA Dispenser용(자동분무기용),EA,21,3,,,2,1
20,1,102990,Filter Unit 1L 자가(Bottle top),EA,24,,15,,,
20,2,100130,디메티콘 유제 35% 자가,g,,,,,,
20,2,105521,TSB(Non animal origin) 자가,BT,,,,,,
20,2,105944,20L Glass bottle(screw),EA,,,,,,
20,2,105996,멸균백1200*1200mm,EA,,,,,,
20,2,105998,멸균백400*500mm,EA,0,,100,,,
20,2,106159,Durapore Opticap XL4 (KVGLA04TT3),EA,,,,,,
20,2,300006,퐁퐁,EA,,,,,,
20,2,300009,Sartofluor GA 10',EA,,,4,,,
20,2,300010,Sartofluor GA 20',EA,,,1,,,
20,2,300011,Sartofluor Mini,EA,,,8,,,
20,2,302000,수산화나트륨(퀴놀론1KG),kg,22,,,29.942,,
20,2,302060,AGP Solution Kit,EA,,,5,,,
20,2,302101,5mL PC Validation Vial,EA,,,,,340,
20,2,302102,Autoclave Indicator. Sigmaware,EA,,2,,,,
20,2,302103,Hi Temperature Indicator(Shamrock)(건열),EA,,,,,,
20,2,302104,Chemical Indicator 1250 (3M),EA,2,,,,,
20,2,302109,락스 (럭키),EA,,,,,,23
20,2,302122,염화나트륨(수지 재생용) 자가,kg,,,,,,
20,2,302123,펌프 튜빙(Masterflex L/S 16),EA,,,,,,
20,2,302124,펌프 튜빙(Masterflex L/S 17),EA,,1,3,,,
20,2,302125,펌프 튜빙(Masterflex L/S 18),EA,,,,,,
20,2,302126,펌프 튜빙(Masterflex L/S 24),EA,,1,1,,,
20,2,302127,펌프 튜빙(Masterflex I/P 73),EA,,,,,,
20,2,302128,펌프 튜빙(Masterflex I/P 82),EA,1,,2,,,
20,2,302143,Endotoxin Indicator(Endosafe) 자가,EA,,,,,,
20,2,302161,Durapore 필터(SCGVU11RE),EA,,9,,,,
20,2,302170,아세톤 자가,mL ,,,3158,,,
20,2,302171,Optiseal 필터(LAGR04TP6),EA,5,1,,,,
20,2,302210,펌프 튜빙(NALGENE 8060-0200),EA,2,,,,,
20,2,302212,펌프 튜빙(NALGENE 8060-0100),EA,,,,,,
20,2,302213,펌프 튜빙(NALGENE 8060-0060),EA,,,,,,
20,2,302214,펌프 튜빙(NALGENE 8060-0040),EA,,,,,,
20,2,302250,필터 (PUY2UY300H),EA,,,,,,
20,2,302251,필터 (PUY2UY100H),EA,,,,,,
20,2,302256,필터 (PUY1UY400J),EA,,,,,,
20,2,302259,필터 (AB1PFA7PVH4),EA,,,,,,
20,2,302260,필터 (AB3NFZ7PH4),EA,,,,,,
20,2,302341,펌프 튜빙(Masterflex L/S 25),EA,,,,,,
20,2,302450,필터(SLK7002PFRP)(스팀필터),EA,,,,,,
20,2,302451,필터(MCY4463PFRPVH4)(N2 필터),EA,1,,,,,
20,2,302452,필터(AB1CPFR7PVH4)(DIP 필터),EA,,,,,,
20,2,302453,필터(CTGB71TP3)(스팀필터),EA,2,,,,,
20,2,302481,구연산무수(99.5%이상),kg,,,,,,
20,2,302520,PFA Tubing(EW-06371-04),EA,,,,,,
20,2,302521,PFA Tubing(RZ-06375-02),EA,,,,,,
20,2,302530,Opticap XL4 Capsule Filter(KTGRA04TT3),EA,,,,,,
20,2,302572,Millex-FG Filter(MTGR85000),EA,,,,,,
20,2,302573,C-Flex Tubing(072-313-3),EA,,,,,,
20,2,302620,CTGR75S01 Millipore Filter,EA,,,,,,
20,2,302621,KVGB04TC3 Milliporre Filter,EA,,,,,,
20,2,302622,CTGB72TP3 Millipore Filter,EA,,,,,,
20,2,302623,AB05PFR7PVH4 Pall Filter,EA,,,,,,
20,2,302690,액체 세제 (액츠 무진복 세탁용),EA,,,5,,,
20,2,302774,Aervent 20' Cartridge Filter CTGR72TP1,EA,,,,,,
20,2,302780,H2O2 for HPV,EA,,,,,,
20,2,302880,Sartfluor GA,EA,,,,,,
20,2,302881,Sartfluor junior,EA,,,5,,,
20,2,302882,SP Sephadex C50 자가,g,,,,,,
20,2,303090,테크세제,EA,,,3,,,
20,2,302841,72B/A4 Clean paper,EA,,,,,,
20,2,200522,화이버 드럼,EA,,,,17,,
20,2,106602,보위딕 테스트 팩(Terragene),EA,60,2,13,,5,
20,2,302255,필터 (PFY2UY300J),EA,,,,,,
20,2,302571,Sartofluor Filter(5185307T8),EA,,,,,,
20,2,302151,Sartoclean CA 20',EA,,,,,,
20,2,302257,필터 (PFY1J012J),EA,,,,,,
20,2,302914,Sterile Filter(KA3EKVP10.2um),EA,,,,,,
20,2,300953,킴텍스(50×70×1),EA,,,,,,
20,2,302321,훈증액 MINNACARE COLD STERILANT,BT,,,,,,
20,2,302254,필터 (MBS1002RJH2),EA,,,,,,
20,2,103638,밀리팩200(MPGL2GCL3),EA,3,,3,,,
20,2,102141,SARTOBRAN P 10' Filter,EA,,,2,,,
20,2,100351,Filter SARTOPURE PP2,EA,,,12,,,
20,2,303031,DECON-SPORE 200 Plus(0.4%)472mL 자가,EA,12,8,,,,
20,2,303034,Decon-cycle (Disinfectant)472mL 자가,EA,2,,5,,,
20,2,303038,DECON-SPORE200Plus(0.4% )Gallon siz자가,EA,46,6,10,,,
20,2,303041,Decon-cycle(Disinfectant)Gallonsize자가,EA,18,,4,,,
20,2,303036,70% IPA 472mL 자가,EA,170,20,24,,,48
20,2,303060,70% IPA Gallon size 자가,EA,4,,,,,1
20,2,303033,5% Decon-spore (Sporicide)472mL 자가,EA,14,,,,,
20,2,303039,5% Decon-spore(Sporicide)Gallon size자가,EA,,,,,,
20,2,303035,Hypo-chlor (Sporicide)472mL 자가,EA,,,,,,
20,2,303040,Hypo-chlor (Sporicide) Gallon size 자가,EA,,,,,,
20,2,303080,70% IPA Dispenser용(자동분무기용),EA,10,5,5,,2,
20,2,102990,Filter Unit 1L 자가(Bottle top),EA,30,,10,,,
20,3,100130,디메티콘 유제 35% 자가,g,,,,,,
20,3,105521,TSB(Non animal origin) 자가,BT,,,,,,
20,3,105944,20L Glass bottle(screw),EA,,,,,,
20,3,105996,멸균백1200*1200mm,EA,,,,,,
20,3,105998,멸균백400*500mm,EA,100,100,200,,,
20,3,106159,Durapore Opticap XL4 (KVGLA04TT3),EA,,,,,,
20,3,300006,퐁퐁,EA,3,,,,1,
20,3,300009,Sartofluor GA 10,EA,,4,2,,,
20,3,300010,Sartofluor GA 20,EA,,1,,,,
20,3,300011,Sartofluor Mini,EA,,4,,,,
20,3,302000,수산화나트륨(퀴놀론1KG),kg,,,,14,,
20,3,302060,AGP Solution Kit,EA,,,8,,,
20,3,302101,5mL PC Validation Vial,EA,,,,,,
20,3,302102,Autoclave Indicator. Sigmaware,EA,,,,,,
20,3,302103,Hi Temperature Indicator(Shamrock)(건열),EA,1,,,,,
20,3,302104,Chemical Indicator 1250 (3M),EA,2,,,,,
20,3,302109,락스 (럭키),EA,,,4,,,
20,3,302122,염화나트륨(수지 재생용) 자가,kg,,,,,,
20,3,302123,펌프 튜빙(Masterflex L/S 16),EA,5,,2,,,
20,3,302124,펌프 튜빙(Masterflex L/S 17),EA,,,3,,,
20,3,302125,펌프 튜빙(Masterflex L/S 18),EA,,,,,,
20,3,302126,펌프 튜빙(Masterflex L/S 24),EA,,,1,,,
20,3,302127,펌프 튜빙(Masterflex I/P 73),EA,,,,,,
20,3,302128,펌프 튜빙(Masterflex I/P 82),EA,,1,,,,
20,3,302143,Endotoxin Indicator(Endosafe) 자가,EA,1,,,,3,
20,3,302161,Durapore 필터(SCGVU11RE),EA,,6,,,,
20,3,302170,아세톤 자가,mL,,,3500,,,
20,3,302171,Optiseal 필터(LAGR04TP6),EA,,,,,,
20,3,302210,펌프 튜빙(NALGENE 8060-0200),EA,2,,,,,
20,3,302212,펌프 튜빙(NALGENE 8060-0100),EA,,,,,,
20,3,302213,펌프 튜빙(NALGENE 8060-0060),EA,,,,,,
20,3,302214,펌프 튜빙(NALGENE 8060-0040),EA,,,,,,
20,3,302250,필터 (PUY2UY300H),EA,,,,,,
20,3,302251,필터 (PUY2UY100H),EA,,,,,,
20,3,302256,필터 (PUY1UY400J),EA,,,,,,
20,3,302259,필터 (AB1PFA7PVH4),EA,,,,,,
20,3,302260,필터 (AB3NFZ7PH4),EA,,,,,,
20,3,302341,펌프 튜빙(Masterflex L/S 25),EA,,,,,,
20,3,302450,필터(SLK7002PFRP)(스팀필터),EA,7,,,,,
20,3,302451,필터(MCY4463PFRPVH4)(N2 필터),EA,,,,,,
20,3,302452,필터(AB1CPFR7PVH4)(DIP 필터),EA,,,,,,
20,3,302453,필터(CTGB71TP3)(스팀필터),EA,2,1,,,,
20,3,302481,구연산무수(99.5%이상),kg,,,,,,
20,3,302520,PFA Tubing(EW-06371-04),EA,5,,,,,
20,3,302521,PFA Tubing(RZ-06375-02),EA,,,,,,
20,3,302530,Opticap XL4 Capsule Filter(KTGRA04TT3),EA,,,,,,
20,3,302572,Millex-FG Filter(MTGR85000),EA,,,,,,
20,3,302573,C-Flex Tubing(072-313-3),EA,,,,,,
20,3,302620,CTGR75S01 Millipore Filter,EA,,,,,,
20,3,302621,KVGB04TC3 Milliporre Filter,EA,,,,,,
20,3,302622,CTGB72TP3 Millipore Filter,EA,,,,,,
20,3,302623,AB05PFR7PVH4 Pall Filter,EA,,,,,,
20,3,302690,액체 세제 (액츠 무진복 세탁용),EA,,5,,,,
20,3,302774,Aervent 20 Cartridge Filter CTGR72TP1,EA,8,,,,,
20,3,302780,H2O2 for HPV,EA,,,,,,
20,3,302880,Sartfluor GA,EA,,2,,,,
20,3,302881,Sartfluor junior,EA,,,,,,
20,3,302882,SP Sephadex C50 자가,g,,,,,,
20,3,303090,테크세제,EA,,,,,,
20,3,302841,72B/A4 Clean paper,EA,1000,,,,,
20,3,200522,화이버 드럼,EA,,,,32,,
20,3,106602,보위딕 테스트 팩(Terragene),EA,99,3,8,,,
20,3,302255,필터 (PFY2UY300J),EA,,,,,,
20,3,302571,Sartofluor Filter(5185307T8),EA,,,,,,
20,3,302151,Sartoclean CA 20,EA,,,2,,,
20,3,302257,필터 (PFY1J012J),EA,,,,,,
20,3,302914,Sterile Filter(KA3EKVP10.2um),EA,,,,,,
20,3,300953,킴텍스(50×70×1),EA,,,,,,
20,3,302321,훈증액 MINNACARE COLD STERILANT,BT,,,,,,
20,3,302254,필터 (MBS1002RJH2),EA,,,,,,
20,3,103638,밀리팩200(MPGL2GCL3),EA,2,,,,,
20,3,102141,SARTOBRAN P 10 Filter,EA,,,4,,,
20,3,100351,Filter SARTOPURE PP2,EA,,,10,,,
20,3,303031,DECON-SPORE 200 Plus(0.4%)472mL 자가,EA,28,13,5,,,
20,3,303034,Decon-cycle (Disinfectant)472mL 자가,EA,33,22,17,,,2
20,3,303038,DECON-SPORE200Plus(0.4% )Gallon siz자가,EA,34,2,4,,,
20,3,303041,Decon-cycle(Disinfectant)Gallonsize자가,EA,56,9,11,,,
20,3,303036,70% IPA 472mL 자가,EA,228,79,91,,,12
20,3,303060,70% IPA Gallon size 자가,EA,16,,1,,,
20,3,303033,5% Decon-spore (Sporicide)472mL 자가,EA,9,1,,,,
20,3,303039,5% Decon-spore(Sporicide)Gallon size자가,EA,4,1,,,,
20,3,303035,Hypo-chlor (Sporicide)472mL 자가,EA,,,,,,
20,3,303040,Hypo-chlor (Sporicide) Gallon size 자가,EA,,,,,,
20,3,303080,70% IPA Dispenser용(자동분무기용),EA,9,,3,,,
20,3,102990,Filter Unit 1L 자가(Bottle top),EA,29,6,,,,
20,4,100130,디메티콘 유제 35% 자가,g,,,,,,
20,4,105521,TSB(Non animal origin) 자가,BT,,,,,,
20,4,105944,20L Glass bottle(screw),EA,,,,,,
20,4,105996,멸균백1200*1200mm,EA,,,,,,
20,4,105998,멸균백400*500mm,EA,,100,,,,
20,4,106159,Durapore Opticap XL4 (KVGLA04TT3),EA,,3,,,,
20,4,300006,퐁퐁,EA,3,,2,,,
20,4,300009,Sartofluor GA 10,EA,,,,,1,
20,4,300010,Sartofluor GA 20,EA,,,,,,
20,4,300011,Sartofluor Mini,EA,,3,,,,
20,4,302000,수산화나트륨(퀴놀론1KG),kg,,,,26.971,,
20,4,302060,AGP Solution Kit,EA,,,11,,,
20,4,302101,5mL PC Validation Vial,EA,,,,,960,
20,4,302102,Autoclave Indicator. Sigmaware,EA,,,,,,
20,4,302103,Hi Temperature Indicator(Shamrock)(건열),EA,,,,,,
20,4,302104,Chemical Indicator 1250 (3M),EA,,,,,,
20,4,302109,락스 (럭키),EA,,2,2,,,
20,4,302122,염화나트륨(수지 재생용) 자가,kg,,,,,,
20,4,302123,펌프 튜빙(Masterflex L/S 16),EA,1,,5,,,
20,4,302124,펌프 튜빙(Masterflex L/S 17),EA,,,,,,
20,4,302125,펌프 튜빙(Masterflex L/S 18),EA,,,,,,
20,4,302126,펌프 튜빙(Masterflex L/S 24),EA,,,1,,,
20,4,302127,펌프 튜빙(Masterflex I/P 73),EA,,,,,,
20,4,302128,펌프 튜빙(Masterflex I/P 82),EA,,,,,,
20,4,302143,Endotoxin Indicator(Endosafe) 자가,EA,1,,,,5,
20,4,302161,Durapore 필터(SCGVU11RE),EA,,1,,,,
20,4,302170,아세톤 자가,mL,,,3000,,,
20,4,302171,Optiseal 필터(LAGR04TP6),EA,,,,,,
20,4,302210,펌프 튜빙(NALGENE 8060-0200),EA,,,,,,
20,4,302212,펌프 튜빙(NALGENE 8060-0100),EA,,,,,,
20,4,302213,펌프 튜빙(NALGENE 8060-0060),EA,,,,,,
20,4,302214,펌프 튜빙(NALGENE 8060-0040),EA,,,,,,
20,4,302250,필터 (PUY2UY300H),EA,,,,,,
20,4,302251,필터 (PUY2UY100H),EA,,,,,,
20,4,302256,필터 (PUY1UY400J),EA,,,,,,
20,4,302259,필터 (AB1PFA7PVH4),EA,,,,,,
20,4,302260,필터 (AB3NFZ7PH4),EA,,,,,,
20,4,302341,펌프 튜빙(Masterflex L/S 25),EA,,1,,,,
20,4,302450,필터(SLK7002PFRP)(스팀필터),EA,1,,,,,
20,4,302451,필터(MCY4463PFRPVH4)(N2 필터),EA,,,,,,
20,4,302452,필터(AB1CPFR7PVH4)(DIP 필터),EA,1,,,,,
20,4,302453,필터(CTGB71TP3)(스팀필터),EA,1,,,,,
20,4,302481,구연산무수(99.5%이상),kg,,,,,,
20,4,302520,PFA Tubing(EW-06371-04),EA,4,,,,,
20,4,302521,PFA Tubing(RZ-06375-02),EA,,,,,,
20,4,302530,Opticap XL4 Capsule Filter(KTGRA04TT3),EA,2,,,,,
20,4,302572,Millex-FG Filter(MTGR85000),EA,,,,,,
20,4,302573,C-Flex Tubing(072-313-3),EA,,,,,,
20,4,302620,CTGR75S01 Millipore Filter,EA,,,,,,
20,4,302621,KVGB04TC3 Milliporre Filter,EA,,,,,,
20,4,302622,CTGB72TP3 Millipore Filter,EA,,,,,,
20,4,302623,AB05PFR7PVH4 Pall Filter,EA,,,,,,
20,4,302690,액체 세제 (액츠 무진복 세탁용),EA,,5,3,,,
20,4,302774,Aervent 20 Cartridge Filter CTGR72TP1,EA,,,,,,
20,4,302780,H2O2 for HPV,EA,,,,,,
20,4,302880,Sartfluor GA,EA,,,,,,
20,4,302881,Sartfluor junior,EA,,,,,,
20,4,302882,SP Sephadex C50 자가,g,,,,,,
20,4,303090,테크세제,EA,,,,,,
20,4,302841,72B/A4 Clean paper,EA,,,,,,
20,4,200522,화이버 드럼,EA,,,,24,,
20,4,106602,보위딕 테스트 팩(Terragene),EA,80,12,3,,,
20,4,302255,필터 (PFY2UY300J),EA,,,,,,
20,4,302571,Sartofluor Filter(5185307T8),EA,,,,,,
20,4,302151,Sartoclean CA 20,EA,,,3,,,
20,4,302257,필터 (PFY1J012J),EA,,,,,,
20,4,302914,Sterile Filter(KA3EKVP10.2um),EA,,,,,,
20,4,300953,킴텍스(50×70×1),EA,,,,,,
20,4,302321,훈증액 MINNACARE COLD STERILANT,BT,,,,,,
20,4,302254,필터 (MBS1002RJH2),EA,,,,,,
20,4,103638,밀리팩200(MPGL2GCL3),EA,1,3,5,,,
20,4,102141,SARTOBRAN P 10 Filter,EA,,,5,,,
20,4,100351,Filter SARTOPURE PP2,EA,,,16,,,
20,4,303031,DECON-SPORE 200 Plus(0.4%)472mL 자가,EA,17,7,4,,,3
20,4,303034,Decon-cycle (Disinfectant)472mL 자가,EA,4,15,2,,,
20,4,303038,DECON-SPORE200Plus(0.4% )Gallon siz자가,EA,30,,2,,,
20,4,303041,Decon-cycle(Disinfectant)Gallonsize자가,EA,18,2,4,,,
20,4,303036,70% IPA 472mL 자가,EA,216,39,46,,12,36
20,4,303060,70% IPA Gallon size 자가,EA,20,,,,,
20,4,303033,5% Decon-spore (Sporicide)472mL 자가,EA,15,1,,,,
20,4,303039,5% Decon-spore(Sporicide)Gallon size자가,EA,3,1,,,,
20,4,303035,Hypo-chlor (Sporicide)472mL 자가,EA,,,,,,
20,4,303040,Hypo-chlor (Sporicide) Gallon size 자가,EA,,,,,,
20,4,303080,70% IPA Dispenser용(자동분무기용),EA,6,6,,,,
20,4,102990,Filter Unit 1L 자가(Bottle top),EA,30,,,,,
20,4,100136,트립신에데트산나트륨,mL,,,100,,,
20,5,100130,디메티콘 유제 35% 자가,g,15988,,,,,
20,5,105521,TSB(Non animal origin) 자가,BT,,,,,,
20,5,105944,20L Glass bottle(screw),EA,,,,,,
20,5,105996,멸균백1200*1200mm,EA,,,,,,
20,5,105998,멸균백400*500mm,EA,100,,,,,
20,5,106159,Durapore Opticap XL4 (KVGLA04TT3),EA,,,,,,
20,5,300006,퐁퐁,EA,3,4,,,,
20,5,300009,Sartofluor GA 10,EA,,1,,,,
20,5,300010,Sartofluor GA 20,EA,,1,,,,
20,5,300011,Sartofluor Mini,EA,,6,,,,
20,5,302000,수산화나트륨(퀴놀론1KG),kg,20,,,3.5,,
20,5,302060,AGP Solution Kit,EA,,,,,,
20,5,302101,5mL PC Validation Vial,EA,,,,,,
20,5,302102,Autoclave Indicator. Sigmaware,EA,,3,,,,
20,5,302103,Hi Temperature Indicator(Shamrock)(건열),EA,,,,,,
20,5,302104,Chemical Indicator 1250 (3M),EA,,,,,,
20,5,302109,락스 (럭키),EA,,,7,,,
20,5,302122,염화나트륨(수지 재생용) 자가,kg,,,,,,
20,5,302123,펌프 튜빙(Masterflex L/S 16),EA,2,1,,,,
20,5,302124,펌프 튜빙(Masterflex L/S 17),EA,,,,,,
20,5,302125,펌프 튜빙(Masterflex L/S 18),EA,,1,,,,
20,5,302126,펌프 튜빙(Masterflex L/S 24),EA,,,1,,,
20,5,302127,펌프 튜빙(Masterflex I/P 73),EA,,,,,,
20,5,302128,펌프 튜빙(Masterflex I/P 82),EA,,6,,,,
20,5,302143,Endotoxin Indicator(Endosafe) 자가,EA,,,,,,
20,5,302161,Durapore 필터(SCGVU11RE),EA,,2,,,,
20,5,302170,아세톤 자가,mL,,,3000,,,
20,5,302171,Optiseal 필터(LAGR04TP6),EA,,3,,,,
20,5,302210,펌프 튜빙(NALGENE 8060-0200),EA,,,,,,
20,5,302212,펌프 튜빙(NALGENE 8060-0100),EA,,,,,,
20,5,302213,펌프 튜빙(NALGENE 8060-0060),EA,,,,,,
20,5,302214,펌프 튜빙(NALGENE 8060-0040),EA,1,,,,,
20,5,302250,필터 (PUY2UY300H),EA,,,,6,,
20,5,302251,필터 (PUY2UY100H),EA,,,,3,,
20,5,302256,필터 (PUY1UY400J),EA,,,,,,
20,5,302259,필터 (AB1PFA7PVH4),EA,,,,,,
20,5,302260,필터 (AB3NFZ7PH4),EA,,,,,,
20,5,302341,펌프 튜빙(Masterflex L/S 25),EA,,,,,,
20,5,302450,필터(SLK7002PFRP)(스팀필터),EA,1,,,,,
20,5,302451,필터(MCY4463PFRPVH4)(N2 필터),EA,,,,,,
20,5,302452,필터(AB1CPFR7PVH4)(DIP 필터),EA,,,,,,
20,5,302453,필터(CTGB71TP3)(스팀필터),EA,,,,,,
20,5,302481,구연산무수(99.5%이상),kg,,,,,,
20,5,302520,PFA Tubing(EW-06371-04),EA,,,,,,
20,5,302521,PFA Tubing(RZ-06375-02),EA,,,,,,
20,5,302530,Opticap XL4 Capsule Filter(KTGRA04TT3),EA,,,,,,
20,5,302572,Millex-FG Filter(MTGR85000),EA,,,,,,
20,5,302573,C-Flex Tubing(072-313-3),EA,,,,,,
20,5,302620,CTGR75S01 Millipore Filter,EA,,,,,,
20,5,302621,KVGB04TC3 Milliporre Filter,EA,,,,,,
20,5,302622,CTGB72TP3 Millipore Filter,EA,,,,,,
20,5,302623,AB05PFR7PVH4 Pall Filter,EA,,,,,,
20,5,302690,액체 세제 (액츠 무진복 세탁용),EA,,,,,,
20,5,302774,Aervent 20 Cartridge Filter CTGR72TP1,EA,,,,,,
20,5,302780,H2O2 for HPV,EA,,,,,,
20,5,302880,Sartfluor GA,EA,,,,,,
20,5,302881,Sartfluor junior,EA,,,,,,
20,5,302882,SP Sephadex C50 자가,g,,,,,,
20,5,303090,테크세제,EA,,,,,,
20,5,302841,72B/A4 Clean paper,EA,300,,,,,
20,5,200522,화이버 드럼,EA,,,,,,
20,5,106602,보위딕 테스트 팩(Terragene),EA,80,8,3,,,
20,5,302255,필터 (PFY2UY300J),EA,,,,,,
20,5,302571,Sartofluor Filter(5185307T8),EA,,,,,,
20,5,302151,Sartoclean CA 20,EA,,,,,,
20,5,302257,필터 (PFY1J012J),EA,,,,,,
20,5,302914,Sterile Filter(KA3EKVP10.2um),EA,,,,,,
20,5,300953,킴텍스(50×70×1),EA,,,,,,
20,5,302321,훈증액 MINNACARE COLD STERILANT,BT,,,,,,
20,5,302254,필터 (MBS1002RJH2),EA,,,,,,
20,5,103638,밀리팩200(MPGL2GCL3),EA,2,3,,,,
20,5,102141,SARTOBRAN P 10 Filter,EA,,,2,,,
20,5,100351,Filter SARTOPURE PP2,EA,,,2,,,
20,5,303031,DECON-SPORE 200 Plus(0.4%)472mL 자가,EA,24,6,17,,,
20,5,303034,Decon-cycle (Disinfectant)472mL 자가,EA,24,7,,,,2
20,5,303038,DECON-SPORE200Plus(0.4% )Gallon siz자가,EA,31,,6,,,
20,5,303041,Decon-cycle(Disinfectant)Gallonsize자가,EA,32,,4,,,
20,5,303036,70% IPA 472mL 자가,EA,84,15,24,,13,38
20,5,303060,70% IPA Gallon size 자가,EA,8,,,,,
20,5,303033,5% Decon-spore (Sporicide)472mL 자가,EA,21,,,,,
20,5,303039,5% Decon-spore(Sporicide)Gallon size자가,EA,2,,,,,
20,5,303035,Hypo-chlor (Sporicide)472mL 자가,EA,,,,,,
20,5,303040,Hypo-chlor (Sporicide) Gallon size 자가,EA,,,,,,
20,5,303080,70% IPA Dispenser용(자동분무기용),EA,,,,,,
20,5,102990,Filter Unit 1L 자가(Bottle top),EA,25,,,,,
20,5,100136,트립신에데트산나트륨,mL,,,100,,,
20,6,100130,디메티콘 유제 35% 자가,g,,,,,,
20,6,105521,TSB(Non animal origin) 자가,BT,,,,,,
20,6,105944,20L Glass bottle(screw),EA,,,,,,
20,6,105996,멸균백1200*1200mm,EA,,,,,,
20,6,105998,멸균백400*500mm,EA,,100,200,,,
20,6,106159,Durapore Opticap XL4 (KVGLA04TT3),EA,,,,,,
20,6,300006,퐁퐁,EA,,3,8,,,
20,6,300009,Sartofluor GA 10,EA,,,,,,
20,6,300010,Sartofluor GA 20,EA,,,,,,
20,6,300011,Sartofluor Mini,EA,,,,,,
20,6,302000,수산화나트륨(퀴놀론1KG),kg,,,,68.471,,
20,6,302060,AGP Solution Kit,EA,,,4,,,
20,6,302101,5mL PC Validation Vial,EA,,,,,,
20,6,302102,Autoclave Indicator. Sigmaware,EA,,,,,,
20,6,302103,Hi Temperature Indicator(Shamrock)(건열),EA,,,,,,
20,6,302104,Chemical Indicator 1250 (3M),EA,,,,,,
20,6,302109,락스 (럭키),EA,,3,2,,,
20,6,302122,염화나트륨(수지 재생용) 자가,kg,,,,,,
20,6,302123,펌프 튜빙(Masterflex L/S 16),EA,6,,5,,,
20,6,302124,펌프 튜빙(Masterflex L/S 17),EA,,,,,,
20,6,302125,펌프 튜빙(Masterflex L/S 18),EA,,,,,,
20,6,302126,펌프 튜빙(Masterflex L/S 24),EA,,2,1,,,
20,6,302127,펌프 튜빙(Masterflex I/P 73),EA,,,,,,
20,6,302128,펌프 튜빙(Masterflex I/P 82),EA,,,,,,
20,6,302143,Endotoxin Indicator(Endosafe) 자가,EA,,,,,,
20,6,302161,Durapore 필터(SCGVU11RE),EA,,7,,,,
20,6,302170,아세톤 자가,mL,,,,,,
20,6,302171,Optiseal 필터(LAGR04TP6),EA,,,,,,
20,6,302210,펌프 튜빙(NALGENE 8060-0200),EA,1,,,,,
20,6,302212,펌프 튜빙(NALGENE 8060-0100),EA,,,,,,
20,6,302213,펌프 튜빙(NALGENE 8060-0060),EA,,,,,,
20,6,302214,펌프 튜빙(NALGENE 8060-0040),EA,,,,,,
20,6,302250,필터 (PUY2UY300H),EA,,,,,,
20,6,302251,필터 (PUY2UY100H),EA,,,,,,
20,6,302256,필터 (PUY1UY400J),EA,,,,,,
20,6,302259,필터 (AB1PFA7PVH4),EA,,,,,,
20,6,302260,필터 (AB3NFZ7PH4),EA,,,,,,
20,6,302341,펌프 튜빙(Masterflex L/S 25),EA,,,,,,
20,6,302450,필터(SLK7002PFRP)(스팀필터),EA,,,,,,
20,6,302451,필터(MCY4463PFRPVH4)(N2 필터),EA,1,,,,,
20,6,302452,필터(AB1CPFR7PVH4)(DIP 필터),EA,,,,,,
20,6,302453,필터(CTGB71TP3)(스팀필터),EA,1,,,,,
20,6,302481,구연산무수(99.5%이상),kg,,,,,,
20,6,302520,PFA Tubing(EW-06371-04),EA,,,,,,
20,6,302521,PFA Tubing(RZ-06375-02),EA,,,,,,
20,6,302530,Opticap XL4 Capsule Filter(KTGRA04TT3),EA,11,,,,,
20,6,302572,Millex-FG Filter(MTGR85000),EA,,,,,,
20,6,302573,C-Flex Tubing(072-313-3),EA,,,,,,
20,6,302620,CTGR75S01 Millipore Filter,EA,,,,,,
20,6,302621,KVGB04TC3 Milliporre Filter,EA,,,,,,
20,6,302622,CTGB72TP3 Millipore Filter,EA,,,,,,
20,6,302623,AB05PFR7PVH4 Pall Filter,EA,,,,,,
20,6,302690,액체 세제 (액츠 무진복 세탁용),EA,,7,,8,,
20,6,302774,Aervent 20 Cartridge Filter CTGR72TP1,EA,,,,,,
20,6,302780,H2O2 for HPV,EA,,,,,,
20,6,302880,Sartfluor GA,EA,,,,,,
20,6,302881,Sartfluor junior,EA,,,,,,
20,6,302882,SP Sephadex C50 자가,g,,,,,,
20,6,303090,테크세제,EA,,,,,,
20,6,302841,72B/A4 Clean paper,EA,500,,,,,
20,6,200522,화이버 드럼,EA,,,,28,,
20,6,106602,보위딕 테스트 팩(Terragene),EA,60,5,3,,6,
20,6,302255,필터 (PFY2UY300J),EA,,,,,,
20,6,302571,Sartofluor Filter(5185307T8),EA,,,,,,
20,6,302151,Sartoclean CA 20,EA,,,,,,
20,6,302257,필터 (PFY1J012J),EA,,,,,,
20,6,302914,Sterile Filter(KA3EKVP10.2um),EA,,,,,,
20,6,300953,킴텍스(50×70×1),EA,,,,,,
20,6,302321,훈증액 MINNACARE COLD STERILANT,BT,,,,,,
20,6,302254,필터 (MBS1002RJH2),EA,,,,,,
20,6,103638,밀리팩200(MPGL2GCL3),EA,1,,5,,,
20,6,102141,SARTOBRAN P 10 Filter,EA,,,,,,
20,6,100351,Filter SARTOPURE PP2,EA,,,,,,
20,6,303031,DECON-SPORE 200 Plus(0.4%)472mL 자가,EA,36,9,,,6,
20,6,303034,Decon-cycle (Disinfectant)472mL 자가,EA,15,6,5,,6,
20,6,303038,DECON-SPORE200Plus(0.4% )Gallon siz자가,EA,16,6,7,,,
20,6,303041,Decon-cycle(Disinfectant)Gallonsize자가,EA,2,,4,,,
20,6,303036,70% IPA 472mL 자가,EA,127,13,53,,,12
20,6,303060,70% IPA Gallon size 자가,EA,,,,,,
20,6,303033,5% Decon-spore (Sporicide)472mL 자가,EA,19,,,,,
20,6,303039,5% Decon-spore(Sporicide)Gallon size자가,EA,2,,,,,
20,6,303035,Hypo-chlor (Sporicide)472mL 자가,EA,,,,,,
20,6,303040,Hypo-chlor (Sporicide) Gallon size 자가,EA,,,,,,
20,6,303080,70% IPA Dispenser용(자동분무기용),EA,,,,,,
20,6,102990,Filter Unit 1L 자가(Bottle top),EA,42,,10,,,
20,6,100136,트립신에데트산나트륨,mL,,,,,,
20,10,100130,디메티콘 유제 35% 자가,g,,,,,,
20,10,105521,TSB(Non animal origin) 자가,BT,,,,,,
20,10,105944,20L Glass bottle(screw),EA,,,,,,
20,10,105996,멸균백1200*1200mm,EA,,,,,,
20,10,105998,멸균백400*500mm,EA,,,100,,,
20,10,106159,Durapore Opticap XL4 (KVGLA04TT3),EA,,,,,,
20,10,300006,퐁퐁,EA,,,3,,,
20,10,300009,Sartofluor GA 10,EA,,,,,,
20,10,300010,Sartofluor GA 20,EA,,,,,,
20,10,300011,Sartofluor Mini,EA,,1,,,,
20,10,302000,수산화나트륨(퀴놀론1KG),kg,,,,41.959,,
20,10,LMSM00007C,수산화나트륨 자가 (1kg),kg,20,,,,,
20,10,302060,AGP Solution Kit,EA,,,,,,
20,10,302101,5mL PC Validation Vial,EA,,,,,,
20,10,302102,Autoclave Indicator. Sigmaware,EA,,,3,,,
20,10,302103,Hi Temperature Indicator(Shamrock)(건열),EA,,,,,,
20,10,302104,Chemical Indicator 1250 (3M),EA,,,,,,
20,10,302109,락스 (럭키),EA,,,2,,,
20,10,302122,염화나트륨(수지 재생용) 자가,kg,,,,,,
20,10,302123,펌프 튜빙(Masterflex L/S 16),EA,2,,,,,
20,10,302124,펌프 튜빙(Masterflex L/S 17),EA,,,,,,
20,10,302125,펌프 튜빙(Masterflex L/S 18),EA,,,,,,
20,10,302126,펌프 튜빙(Masterflex L/S 24),EA,,3,1,,,
20,10,302127,펌프 튜빙(Masterflex I/P 73),EA,,,1,,,
20,10,302128,펌프 튜빙(Masterflex I/P 82),EA,,,1,,,
20,10,302143,Endotoxin Indicator(Endosafe) 자가,EA,,,,,,
20,10,302161,Durapore 필터(SCGVU11RE),EA,,5,,,,
20,10,302170,아세톤 자가,mL,,,3000,,,
20,10,302171,Optiseal 필터(LAGR04TP6),EA,,,,,,
20,10,302210,펌프 튜빙(NALGENE 8060-0200),EA,5,,1,,,
20,10,302212,펌프 튜빙(NALGENE 8060-0100),EA,,,,,,
20,10,302213,펌프 튜빙(NALGENE 8060-0060),EA,,,,,,
20,10,302214,펌프 튜빙(NALGENE 8060-0040),EA,,,,,,
20,10,302250,필터 (PUY2UY300H),EA,,,,11,,
20,10,302251,필터 (PUY2UY100H),EA,,,,,,
20,10,302256,필터 (PUY1UY400J),EA,,,,,,
20,10,302259,필터 (AB1PFA7PVH4),EA,,,,,,
20,10,302260,필터 (AB3NFZ7PH4),EA,,,,,,
20,10,302341,펌프 튜빙(Masterflex L/S 25),EA,,1,,,,
20,10,302450,필터(SLK7002PFRP)(스팀필터),EA,2,,,,,
20,10,302451,필터(MCY4463PFRPVH4)(N2 필터),EA,,,,,,
20,10,302452,필터(AB1CPFR7PVH4)(DIP 필터),EA,,,,,,
20,10,302453,필터(CTGB71TP3)(스팀필터),EA,,,,,,
20,10,302481,구연산무수(99.5%이상),kg,,,,,,
20,10,302520,PFA Tubing(EW-06371-04),EA,5,,,,,
20,10,302521,PFA Tubing(RZ-06375-02),EA,,,,,,
20,10,302530,Opticap XL4 Capsule Filter(KTGRA04TT3),EA,,,,,,
20,10,302572,Millex-FG Filter(MTGR85000),EA,2,,,,,
20,10,302573,C-Flex Tubing(072-313-3),EA,,,,,,
20,10,302620,CTGR75S01 Millipore Filter,EA,,,,,,
20,10,302621,KVGB04TC3 Milliporre Filter,EA,,,,,,
20,10,302622,CTGB72TP3 Millipore Filter,EA,,,,,,
20,10,302623,AB05PFR7PVH4 Pall Filter,EA,,,,,,
20,10,302690,액체 세제 (액츠 무진복 세탁용),EA,,,,,,
20,10,302774,Aervent 20 Cartridge Filter CTGR72TP1,EA,,,,,,
20,10,302780,H2O2 for HPV,EA,,,,,,
20,10,302880,Sartfluor GA,EA,,,,,,
20,10,302881,Sartfluor junior,EA,,,,,,
20,10,302882,SP Sephadex C50 자가,g,,,,,,
20,10,303090,테크세제,EA,,,,,,
20,10,302841,72B/A4 Clean paper,EA,1000,,,,,
20,10,200522,화이버 드럼,EA,,,,24,,
20,10,106602,보위딕 테스트 팩(Terragene),EA,60,2,13,,,
20,10,302255,필터 (PFY2UY300J),EA,,,,,,
20,10,302571,Sartofluor Filter(5185307T8),EA,1,,,,,
20,10,302151,Sartoclean CA 20,EA,,,,,,
20,10,302257,필터 (PFY1J012J),EA,,,,,,
20,10,302914,Sterile Filter(KA3EKVP10.2um),EA,,,,,,1
20,10,300953,킴텍스(50×70×1),EA,,,,,,
20,10,302321,훈증액 MINNACARE COLD STERILANT,BT,,,,,,
20,10,302254,필터 (MBS1002RJH2),EA,,,,,,
20,10,103638,밀리팩200(MPGL2GCL3),EA,1,,,,,
20,10,102141,SARTOBRAN P 10 Filter,EA,,,2,,,
20,10,100351,Filter SARTOPURE PP2,EA,,,,,,
20,10,303031,DECON-SPORE 200 Plus(0.4%)472mL 자가,EA,12,4,,,,
20,10,303034,Decon-cycle (Disinfectant)472mL 자가,EA,40,3,5,,,
20,10,303038,DECON-SPORE200Plus(0.4% )Gallon siz자가,EA,36,,2,,,
20,10,303041,Decon-cycle(Disinfectant)Gallonsize자가,EA,30,,4,,,
20,10,303036,70% IPA 472mL 자가,EA,204,7,22,,,24
20,10,303060,70% IPA Gallon size 자가,EA,,,,,,
20,10,303033,5% Decon-spore (Sporicide)472mL 자가,EA,15,,,,,
20,10,303039,5% Decon-spore(Sporicide)Gallon size자가,EA,2,,,,,
20,10,303035,Hypo-chlor (Sporicide)472mL 자가,EA,,,,,,
20,10,303040,Hypo-chlor (Sporicide) Gallon size 자가,EA,,,,,,
20,10,303080,70% IPA Dispenser용(자동분무기용),EA,,,,,1,
20,10,102990,Filter Unit 1L 자가(Bottle top),EA,37,,10,,,
20,10,100136,트립신에데트산나트륨,mL,,,100,,,
20,11,100130,디메티콘 유제 35% 자가,g,,,,,,
20,11,105521,TSB(Non animal origin) 자가,BT,,,,,,
20,11,105944,20L Glass bottle(screw),EA,,,,,,
20,11,105996,멸균백1200*1200mm,EA,,,,,,
20,11,105998,멸균백400*500mm,EA,100,100,100,,,
20,11,106159,Durapore Opticap XL4 (KVGLA04TT3),EA,,,,,,
20,11,300006,퐁퐁,EA,2,2,,,,
20,11,300009,Sartofluor GA 10,EA,,7,,,,
20,11,300010,Sartofluor GA 20,EA,,1,,,,
20,11,300011,Sartofluor Mini,EA,,6,,,,
20,11,302000,수산화나트륨(퀴놀론1KG),kg,,,,44.029,,
20,11,LMSM00007C,수산화나트륨 자가 (1kg),kg,20,,,,,
20,11,302060,AGP Solution Kit,EA,,,2,,,
20,11,302101,5mL PC Validation Vial,EA,,,,,,
20,11,302102,Autoclave Indicator. Sigmaware,EA,,,3,,,
20,11,302103,Hi Temperature Indicator(Shamrock)(건열),EA,,,,,,
20,11,302104,Chemical Indicator 1250 (3M),EA,,,,,,
20,11,302109,락스 (럭키),EA,,6,,,,
20,11,302122,염화나트륨(수지 재생용) 자가,kg,,,,,,
20,11,302123,펌프 튜빙(Masterflex L/S 16),EA,,,,,,
20,11,302124,펌프 튜빙(Masterflex L/S 17),EA,,,1,,,
20,11,302125,펌프 튜빙(Masterflex L/S 18),EA,,,,,,
20,11,302126,펌프 튜빙(Masterflex L/S 24),EA,,,,,,
20,11,302127,펌프 튜빙(Masterflex I/P 73),EA,,,,,,
20,11,302128,펌프 튜빙(Masterflex I/P 82),EA,,5,,,,
20,11,302143,Endotoxin Indicator(Endosafe) 자가,EA,,,,,1,
20,11,302161,Durapore 필터(SCGVU11RE),EA,,6,,,,
20,11,302170,아세톤 자가,mL,,,3158,,,
20,11,302171,Optiseal 필터(LAGR04TP6),EA,,2,,,,
20,11,302210,펌프 튜빙(NALGENE 8060-0200),EA,,,,,,
20,11,302212,펌프 튜빙(NALGENE 8060-0100),EA,,,,,,
20,11,302213,펌프 튜빙(NALGENE 8060-0060),EA,,,,,,
20,11,302214,펌프 튜빙(NALGENE 8060-0040),EA,,,,,,
20,11,302250,필터 (PUY2UY300H),EA,,,,,,
20,11,302251,필터 (PUY2UY100H),EA,,,,,,
20,11,302256,필터 (PUY1UY400J),EA,,,,,,
20,11,302259,필터 (AB1PFA7PVH4),EA,,,,,,
20,11,302260,필터 (AB3NFZ7PH4),EA,,,,,,
20,11,302341,펌프 튜빙(Masterflex L/S 25),EA,,,,,,
20,11,302450,필터(SLK7002PFRP)(스팀필터),EA,2,,,,,
20,11,302451,필터(MCY4463PFRPVH4)(N2 필터),EA,,,,,,
20,11,302452,필터(AB1CPFR7PVH4)(DIP 필터),EA,,,,,,
20,11,302453,필터(CTGB71TP3)(스팀필터),EA,,,,,,
20,11,302481,구연산무수(99.5%이상),kg,,,,,,
20,11,302520,PFA Tubing(EW-06371-04),EA,,,,,,
20,11,302521,PFA Tubing(RZ-06375-02),EA,,,,,,
20,11,302530,Opticap XL4 Capsule Filter(KTGRA04TT3),EA,,,,,,
20,11,302572,Millex-FG Filter(MTGR85000),EA,,,,,,
20,11,302573,C-Flex Tubing(072-313-3),EA,,,,,,
20,11,302620,CTGR75S01 Millipore Filter,EA,,,,,,
20,11,302621,KVGB04TC3 Milliporre Filter,EA,,,,,,
20,11,302622,CTGB72TP3 Millipore Filter,EA,,,,,,
20,11,302623,AB05PFR7PVH4 Pall Filter,EA,,,,,,
20,11,302690,액체 세제 (액츠 무진복 세탁용),EA,,7,2,,,
20,11,302774,Aervent 20 Cartridge Filter CTGR72TP1,EA,,,,,,
20,11,302780,H2O2 for HPV,EA,,,,,,
20,11,302880,Sartfluor GA,EA,,,1,,,
20,11,302881,Sartfluor junior,EA,,,1,,,
20,11,302882,SP Sephadex C50 자가,g,,,,,,
20,11,303090,테크세제,EA,,,1,,,
20,11,302841,72B/A4 Clean paper,EA,,,,,,
20,11,200522,화이버 드럼,EA,,,,30,,
20,11,106602,보위딕 테스트 팩(Terragene),EA,53,15,3,,,
20,11,302255,필터 (PFY2UY300J),EA,,,,,,
20,11,302571,Sartofluor Filter(5185307T8),EA,,,,,,
20,11,302151,Sartoclean CA 20,EA,,,,,,
20,11,302257,필터 (PFY1J012J),EA,,,,,,
20,11,302914,Sterile Filter(KA3EKVP10.2um),EA,,,,,,6
20,11,300953,킴텍스(50×70×1),EA,,,,,,
20,11,302321,훈증액 MINNACARE COLD STERILANT,BT,,,,,,
20,11,302254,필터 (MBS1002RJH2),EA,,,,,,
20,11,103638,밀리팩200(MPGL2GCL3),EA,1,,4,,,
20,11,102141,SARTOBRAN P 10 Filter,EA,,,2,,,
20,11,100351,Filter SARTOPURE PP2,EA,,,,,,
20,11,303031,DECON-SPORE 200 Plus(0.4%)472mL 자가,EA,4,9,21,,,
20,11,303034,Decon-cycle (Disinfectant)472mL 자가,EA,,16,4,,,
20,11,303038,DECON-SPORE200Plus(0.4% )Gallon siz자가,EA,8,8,6,,,
20,11,303041,Decon-cycle(Disinfectant)Gallonsize자가,EA,16,3,2,,,
20,11,303036,70% IPA 472mL 자가,EA,12,50,41,,,
20,11,303060,70% IPA Gallon size 자가,EA,,,,,,
20,11,303033,5% Decon-spore (Sporicide)472mL 자가,EA,,2,,,,
20,11,303039,5% Decon-spore(Sporicide)Gallon size자가,EA,6,,,,,
20,11,303035,Hypo-chlor (Sporicide)472mL 자가,EA,,,,,,
20,11,303040,Hypo-chlor (Sporicide) Gallon size 자가,EA,,,,,,
20,11,303080,70% IPA Dispenser용(자동분무기용),EA,10,5,2,,,
20,11,102990,Filter Unit 1L 자가(Bottle top),EA,41,,,,,
20,11,100136,트립신에데트산나트륨,mL,,,,,,
20,12,100130,디메티콘 유제 35% 자가,g,,,,,,
20,12,105521,TSB(Non animal origin) 자가,BT,,,,,,
20,12,105944,20L Glass bottle(screw),EA,,,,,,
20,12,105996,멸균백1200*1200mm,EA,,,,,,
20,12,105998,멸균백400*500mm,EA,,,100,,,
20,12,106159,Durapore Opticap XL4 (KVGLA04TT3),EA,2,,,,,
20,12,300006,퐁퐁,EA,3,,,,,
20,12,300009,Sartofluor GA 10,EA,,1,,,,
20,12,300010,Sartofluor GA 20,EA,,,,,,
20,12,300011,Sartofluor Mini,EA,,2,,,,
20,12,302000,수산화나트륨(퀴놀론1KG),kg,,,,42.959,,
20,12,LMSM00007C,수산화나트륨 자가 (1kg),kg,,,,,,
20,12,302060,AGP Solution Kit,EA,,,5,,,
20,12,302101,5mL PC Validation Vial,EA,,,60,,500,
20,12,302102,Autoclave Indicator. Sigmaware,EA,,,,,,
20,12,302103,Hi Temperature Indicator(Shamrock)(건열),EA,,,,,,
20,12,302104,Chemical Indicator 1250 (3M),EA,,,,,,
20,12,302109,락스 (럭키),EA,,,5,,,
20,12,302122,염화나트륨(수지 재생용) 자가,kg,,,,,,
20,12,302123,펌프 튜빙(Masterflex L/S 16),EA,6,,,,,
20,12,302124,펌프 튜빙(Masterflex L/S 17),EA,,,,,,
20,12,302125,펌프 튜빙(Masterflex L/S 18),EA,,,,,,
20,12,302126,펌프 튜빙(Masterflex L/S 24),EA,,,1,,,
20,12,302127,펌프 튜빙(Masterflex I/P 73),EA,,,,,,
20,12,302128,펌프 튜빙(Masterflex I/P 82),EA,,,,,,
20,12,302143,Endotoxin Indicator(Endosafe) 자가,EA,,1,,,,
20,12,302161,Durapore 필터(SCGVU11RE),EA,7,,,,,
20,12,302170,아세톤 자가,mL,,,2500,,,
20,12,302171,Optiseal 필터(LAGR04TP6),EA,6,,,,,
20,12,302210,펌프 튜빙(NALGENE 8060-0200),EA,,,,,,
20,12,302212,펌프 튜빙(NALGENE 8060-0100),EA,,,,,,
20,12,302213,펌프 튜빙(NALGENE 8060-0060),EA,,,,,,
20,12,302214,펌프 튜빙(NALGENE 8060-0040),EA,,,,,,
20,12,302250,필터 (PUY2UY300H),EA,,,,10,,
20,12,302251,필터 (PUY2UY100H),EA,,,,,,
20,12,302256,필터 (PUY1UY400J),EA,,,,,,
20,12,302259,필터 (AB1PFA7PVH4),EA,,,,,,
20,12,302260,필터 (AB3NFZ7PH4),EA,,,,,,
20,12,302341,펌프 튜빙(Masterflex L/S 25),EA,,,,,,
20,12,302450,필터(SLK7002PFRP)(스팀필터),EA,2,,,,,
20,12,302451,필터(MCY4463PFRPVH4)(N2 필터),EA,,,,,,
20,12,302452,필터(AB1CPFR7PVH4)(DIP 필터),EA,,,,,,
20,12,302453,필터(CTGB71TP3)(스팀필터),EA,,,,,,
20,12,302481,구연산무수(99.5%이상),kg,,,,,,
20,12,302520,PFA Tubing(EW-06371-04),EA,,,,,,
20,12,302521,PFA Tubing(RZ-06375-02),EA,,,,,,
20,12,302530,Opticap XL4 Capsule Filter(KTGRA04TT3),EA,,,,,,
20,12,302572,Millex-FG Filter(MTGR85000),EA,,,,,,
20,12,302573,C-Flex Tubing(072-313-3),EA,,,,,,
20,12,302620,CTGR75S01 Millipore Filter,EA,,,,,,
20,12,302621,KVGB04TC3 Milliporre Filter,EA,,,,,,
20,12,302622,CTGB72TP3 Millipore Filter,EA,,,,,,
20,12,302623,AB05PFR7PVH4 Pall Filter,EA,,,,,,
20,12,302690,액체 세제 (액츠 무진복 세탁용),EA,,5,,,,
20,12,302774,Aervent 20 Cartridge Filter CTGR72TP1,EA,,,,,,
20,12,302780,H2O2 for HPV,EA,,,,,,
20,12,302880,Sartfluor GA,EA,,,,,,
20,12,302881,Sartfluor junior,EA,,,,,,
20,12,302882,SP Sephadex C50 자가,g,,,,,,
20,12,303090,테크세제,EA,,,,,,
20,12,302841,72B/A4 Clean paper,EA,,,,,,
20,12,200522,화이버 드럼,EA,,,,30,,
20,12,106602,보위딕 테스트 팩(Terragene),EA,80,15,9,,6,
20,12,302255,필터 (PFY2UY300J),EA,,,,,,
20,12,302571,Sartofluor Filter(5185307T8),EA,,,,,,
20,12,302151,Sartoclean CA 20,EA,,,2,,,
20,12,302257,필터 (PFY1J012J),EA,,,,,,
20,12,302914,Sterile Filter(KA3EKVP10.2um),EA,,,,,,2
20,12,300953,킴텍스(50×70×1),EA,,,,,,
20,12,302321,훈증액 MINNACARE COLD STERILANT,BT,,,,,,
20,12,302254,필터 (MBS1002RJH2),EA,,,,,,
20,12,103638,밀리팩200(MPGL2GCL3),EA,,,,,,
20,12,102141,SARTOBRAN P 10 Filter,EA,,,2,,,
20,12,100351,Filter SARTOPURE PP2,EA,,,,,,
20,12,303031,DECON-SPORE 200 Plus(0.4%)472mL 자가,EA,17,4,,,6,
20,12,303034,Decon-cycle (Disinfectant)472mL 자가,EA,3,10,1,,6,
20,12,303038,DECON-SPORE200Plus(0.4% )Gallon siz자가,EA,46,2,2,,,
20,12,303041,Decon-cycle(Disinfectant)Gallonsize자가,EA,31,3,4,,,
20,12,303036,70% IPA 472mL 자가,EA,156,18,17,,12,36
20,12,303060,70% IPA Gallon size 자가,EA,,,,,,
20,12,303033,5% Decon-spore (Sporicide)472mL 자가,EA,12,,,,,
20,12,303039,5% Decon-spore(Sporicide)Gallon size자가,EA,2,2,,,,
20,12,303035,Hypo-chlor (Sporicide)472mL 자가,EA,,,,,,
20,12,303040,Hypo-chlor (Sporicide) Gallon size 자가,EA,,,,,,
20,12,303080,70% IPA Dispenser용(자동분무기용),EA,,3,,,,
20,12,102990,Filter Unit 1L 자가(Bottle top),EA,35,,,,,
20,12,100136,트립신에데트산나트륨,mL,,,,,,
21,1,100130,디메티콘 유제 35% 자가,g,,,,,,
21,1,105521,TSB(Non animal origin) 자가,BT,,,,,,
21,1,105944,20L Glass bottle(screw),EA,,,,,,
21,1,105996,멸균백1200*1200mm,EA,,,,,,
21,1,105998,멸균백400*500mm,EA,,,100,,,
21,1,106159,Durapore Opticap XL4 (KVGLA04TT3),EA,,,,,,
21,1,300006,퐁퐁,EA,,,,,3,
21,1,300009,Sartofluor GA 10,EA,,,1,,,
21,1,300010,Sartofluor GA 20,EA,,,,,,
21,1,300011,Sartofluor Mini,EA,,,,,,
21,1,302000,수산화나트륨(퀴놀론1KG),kg,,,,38,,
21,1,LMSM00007C,수산화나트륨 자가 (1kg),kg,19.985,,,,,
21,1,302060,AGP Solution Kit,EA,,,6,,,
21,1,302101,5mL PC Validation Vial,EA,,,,,740,
21,1,302102,Autoclave Indicator. Sigmaware,EA,,,,,,
21,1,302103,Hi Temperature Indicator(Shamrock)(건열),EA,,,,,,
21,1,302104,Chemical Indicator 1250 (3M),EA,,,,,,
21,1,302109,락스 (럭키),EA,,,2,,,
21,1,302122,염화나트륨(수지 재생용) 자가,kg,,,,,,
21,1,302123,펌프 튜빙(Masterflex L/S 16),EA,,,,,,
21,1,302124,펌프 튜빙(Masterflex L/S 17),EA,,,,,,
21,1,302125,펌프 튜빙(Masterflex L/S 18),EA,,,,,,
21,1,302126,펌프 튜빙(Masterflex L/S 24),EA,,,,,,
21,1,302127,펌프 튜빙(Masterflex I/P 73),EA,,,,,,
21,1,302128,펌프 튜빙(Masterflex I/P 82),EA,,,2,,,
21,1,302143,Endotoxin Indicator(Endosafe) 자가,EA,,,,,,
21,1,302161,Durapore 필터(SCGVU11RE),EA,,3,,,,
21,1,302170,아세톤 자가,mL,,,,,,
21,1,302171,Optiseal 필터(LAGR04TP6),EA,,,,,,
21,1,302210,펌프 튜빙(NALGENE 8060-0200),EA,,,,,,
21,1,302212,펌프 튜빙(NALGENE 8060-0100),EA,,,,,,
21,1,302213,펌프 튜빙(NALGENE 8060-0060),EA,,,,,,
21,1,302214,펌프 튜빙(NALGENE 8060-0040),EA,,,,,,
21,1,302250,필터 (PUY2UY300H),EA,,,,,,
21,1,302251,필터 (PUY2UY100H),EA,,,,,,
21,1,302256,필터 (PUY1UY400J),EA,,,,,,
21,1,302259,필터 (AB1PFA7PVH4),EA,,,,,,
21,1,302260,필터 (AB3NFZ7PH4),EA,,,,,,
21,1,302341,펌프 튜빙(Masterflex L/S 25),EA,,1,,,,
21,1,302450,필터(SLK7002PFRP)(스팀필터),EA,1,,,,,
21,1,302451,필터(MCY4463PFRPVH4)(N2 필터),EA,,,,,,
21,1,302452,필터(AB1CPFR7PVH4)(DIP 필터),EA,9,,,,,
21,1,302453,필터(CTGB71TP3)(스팀필터),EA,,,,,,
21,1,302481,구연산무수(99.5%이상),kg,,,,,,
21,1,302520,PFA Tubing(EW-06371-04),EA,,,,,,
21,1,302521,PFA Tubing(RZ-06375-02),EA,,,,,,
21,1,302530,Opticap XL4 Capsule Filter(KTGRA04TT3),EA,,,,,,
21,1,302572,Millex-FG Filter(MTGR85000),EA,,,,,,
21,1,302573,C-Flex Tubing(072-313-3),EA,,,,,,
21,1,302620,CTGR75S01 Millipore Filter,EA,2,,,,,
21,1,302621,KVGB04TC3 Milliporre Filter,EA,,,,,,
21,1,302622,CTGB72TP3 Millipore Filter,EA,2,,,,,
21,1,302623,AB05PFR7PVH4 Pall Filter,EA,2,,,,,
21,1,302690,액체 세제 (액츠 무진복 세탁용),EA,,5,,8,,
21,1,302774,Aervent 20 Cartridge Filter CTGR72TP1,EA,6,,,,,
21,1,302780,H2O2 for HPV,EA,,,,,,
21,1,302880,Sartfluor GA,EA,,,,,,
21,1,302881,Sartfluor junior,EA,,,,,,
21,1,302882,SP Sephadex C50 자가,g,,,,,,
21,1,303090,테크세제,EA,2,,,,,
21,1,302841,72B/A4 Clean paper,EA,1000,,,,,
21,1,200522,화이버 드럼,EA,,,,30,,
21,1,106602,보위딕 테스트 팩(Terragene),EA,,11,3,,,
21,1,302255,필터 (PFY2UY300J),EA,,,,,,
21,1,302571,Sartofluor Filter(5185307T8),EA,,,,,,
21,1,302151,Sartoclean CA 20,EA,,,3,,,
21,1,302257,필터 (PFY1J012J),EA,,,,,,
21,1,300953,킴텍스(50×70×1),EA,,,,,,
21,1,302321,훈증액 MINNACARE COLD STERILANT,BT,,,,,,
21,1,302254,필터 (MBS1002RJH2),EA,,,,,,
21,1,103638,밀리팩200(MPGL2GCL3),EA,2,,,,,
21,1,102141,SARTOBRAN P 10 Filter,EA,,6,3,,,
21,1,100351,Filter SARTOPURE PP2,EA,,,,,,
21,1,303031,DECON-SPORE 200 Plus(0.4%)472mL 자가,EA,,,,,2,
21,1,303034,Decon-cycle (Disinfectant)472mL 자가,EA,48,4,,,,
21,1,303038,DECON-SPORE200Plus(0.4% )Gallon siz자가,EA,14,2,,,2,
21,1,303041,Decon-cycle(Disinfectant)Gallonsize자가,EA,,,,,2,
21,1,303036,70% IPA 472mL 자가,EA,92,41,15,,2,
21,1,303060,70% IPA Gallon size 자가,EA,6,,,,,
21,1,303033,5% Decon-spore (Sporicide)472mL 자가,EA,,,,,,
21,1,303039,5% Decon-spore(Sporicide)Gallon size자가,EA,3,1,,,,
21,1,303035,Hypo-chlor (Sporicide)472mL 자가,EA,,,,,,
21,1,303040,Hypo-chlor (Sporicide) Gallon size 자가,EA,,,,,,
21,1,303080,70% IPA Dispenser용(자동분무기용),EA,,,,,2,
21,1,102990,Filter Unit 1L 자가(Bottle top),EA,41,,,,,
21,1,100136,트립신에데트산나트륨,mL,,,,,,
21,1,107225,멸균백 580*900mm,EA,,,,,,
21,1,106156,Opticap XL2 Capsule Filter(KGW6A02FF3),EA,,,4,,,
21,8,100130,디메티콘 유제 35% 자가,g,,,,,,
21,8,105521,TSB(Non animal origin) 자가,BT,,,,,,
21,8,105944,20L Glass bottle(screw),EA,,,,,,
21,8,105996,멸균백1200*1200mm,EA,,,,,,
21,8,105998,멸균백400*500mm,EA,200,,100,,,
21,8,106159,Durapore Opticap XL4 (KVGLA04TT3),EA,,,,,,
21,8,300006,퐁퐁,EA,,1,,,,
21,8,300009,Sartofluor GA 10,EA,,,4,,,
21,8,300010,Sartofluor GA 20,EA,,1,1,,,
21,8,300011,Sartofluor Mini,EA,,4,9,,,
21,8,302000,수산화나트륨(퀴놀론1KG),kg,,,,46.029,,
21,8,LMSM00007C,수산화나트륨 자가 (1kg),kg,,,,,,
21,8,302060,AGP Solution Kit,EA,,,3,,,
21,8,302101,5mL PC Validation Vial,EA,,,,,,
21,8,302102,Autoclave Indicator. Sigmaware,EA,,,,,,
21,8,302103,Hi Temperature Indicator(Shamrock)(건열),EA,,,,,,
21,8,302104,Chemical Indicator 1250 (3M),EA,,,,,,
21,8,302109,락스 (럭키),EA,,5,2,,,1
21,8,302122,염화나트륨(수지 재생용) 자가,kg,,,,,,
21,8,302123,펌프 튜빙(Masterflex L/S 16),EA,10,6,,,,
21,8,302124,펌프 튜빙(Masterflex L/S 17),EA,,,,,,
21,8,302125,펌프 튜빙(Masterflex L/S 18),EA,,,,,,
21,8,302126,펌프 튜빙(Masterflex L/S 24),EA,,,2,,,
21,8,302127,펌프 튜빙(Masterflex I/P 73),EA,,,,,,
21,8,302128,펌프 튜빙(Masterflex I/P 82),EA,,,,,,
21,8,302143,Endotoxin Indicator(Endosafe) 자가,EA,2,,,,,
21,8,302161,Durapore 필터(SCGVU11RE),EA,,5,,,,
21,8,302170,아세톤 자가,mL,,,3000,,,
21,8,302171,Optiseal 필터(LAGR04TP6),EA,,,,,,
21,8,302210,펌프 튜빙(NALGENE 8060-0200),EA,,,,,,
21,8,302212,펌프 튜빙(NALGENE 8060-0100),EA,,,,,,
21,8,302213,펌프 튜빙(NALGENE 8060-0060),EA,,,,,,
21,8,302214,펌프 튜빙(NALGENE 8060-0040),EA,,,,,,
21,8,302250,필터 (PUY2UY300H),EA,,,,,,
21,8,302251,필터 (PUY2UY100H),EA,,,,,,
21,8,302256,필터 (PUY1UY400J),EA,,,,,,
21,8,302259,필터 (AB1PFA7PVH4),EA,,,,,,
21,8,302260,필터 (AB3NFZ7PH4),EA,,,,,,
21,8,302341,펌프 튜빙(Masterflex L/S 25),EA,,,,,,
21,8,302450,필터(SLK7002PFRP)(스팀필터),EA,3,,,,,
21,8,302451,필터(MCY4463PFRPVH4)(N2 필터),EA,,,,,,
21,8,302452,필터(AB1CPFR7PVH4)(DIP 필터),EA,1,,,,,
21,8,302453,필터(CTGB71TP3)(스팀필터),EA,,,,,,
21,8,302481,구연산무수(99.5%이상),kg,,,,,,
21,8,302520,PFA Tubing(EW-06371-04),EA,5,,,,,
21,8,302521,PFA Tubing(RZ-06375-02),EA,,,,,,
21,8,302530,Opticap XL4 Capsule Filter(KTGRA04TT3),EA,,,,,,
21,8,302572,Millex-FG Filter(MTGR85000),EA,,,,,,
21,8,302573,C-Flex Tubing(072-313-3),EA,,,,,,
21,8,302620,CTGR75S01 Millipore Filter,EA,,,,,,
21,8,302621,KVGB04TC3 Milliporre Filter,EA,,,,,,
21,8,302622,CTGB72TP3 Millipore Filter,EA,,,,,,
21,8,302623,AB05PFR7PVH4 Pall Filter,EA,,,,,,
21,8,302690,액체 세제 (액츠 무진복 세탁용),EA,,5,,,,
21,8,302774,Aervent 20 Cartridge Filter CTGR72TP1,EA,,,,,,
21,8,302780,H2O2 for HPV,EA,,,,,,
21,8,302880,Sartfluor GA,EA,2,,1,,,
21,8,302881,Sartfluor junior,EA,,,,,,
21,8,302882,SP Sephadex C50 자가,g,,,,,,
21,8,303090,테크세제,EA,,,,,,
21,8,302841,72B/A4 Clean paper,EA,750,,,,,
21,8,200522,화이버 드럼,EA,,,,12,,
21,8,106602,보위딕 테스트 팩(Terragene),EA,40,21,3,,,
21,8,302255,필터 (PFY2UY300J),EA,,,,,,
21,8,302571,Sartofluor Filter(5185307T8),EA,,,,,,
21,8,302151,Sartoclean CA 20,EA,,,,,,
21,8,302257,필터 (PFY1J012J),EA,,,,,,
21,8,302914,Sterile Filter(KA3EKVP10.2um),EA,,,,,,1
21,8,300953,킴텍스(50×70×1),EA,,,,,,
21,8,302321,훈증액 MINNACARE COLD STERILANT,BT,,,,,,
21,8,302254,필터 (MBS1002RJH2),EA,,,,,,
21,8,103638,밀리팩200(MPGL2GCL3),EA,3,,,,,
21,8,102141,SARTOBRAN P 10 Filter,EA,,,2,,,
21,8,100351,Filter SARTOPURE PP2,EA,,,,,,
21,8,303031,DECON-SPORE 200 Plus(0.4%)472mL 자가,EA,2,16,1,,,
21,8,303034,Decon-cycle (Disinfectant)472mL 자가,EA,29,3,17,,,
21,8,303038,DECON-SPORE200Plus(0.4% )Gallon siz자가,EA,24,2,2,,,
21,8,303041,Decon-cycle(Disinfectant)Gallonsize자가,EA,30,7,4,,,
21,8,303036,70% IPA 472mL 자가,EA,164,44,17,,,36
21,8,303060,70% IPA Gallon size 자가,EA,4,,,,,
21,8,303033,5% Decon-spore (Sporicide)472mL 자가,EA,17,4,,,,
21,8,303039,5% Decon-spore(Sporicide)Gallon size자가,EA,,6,1,,,
21,8,303035,Hypo-chlor (Sporicide)472mL 자가,EA,,,,,,
21,8,303040,Hypo-chlor (Sporicide) Gallon size 자가,EA,,,,,,
21,8,303080,70% IPA Dispenser용(자동분무기용),EA,,,,2,,
21,8,102990,Filter Unit 1L 자가(Bottle top),EA,51,,10,,,
21,8,100136,트립신에데트산나트륨,mL,,,,,,
21,8,107225,멸균백 580*900mm,EA,,,100,,,
21,8,106156,Opticap XL2 Capsule Filter(KGW6A02FF3),EA,,,,,,
