"id","age","sex","marriage","attrition","dept","product","rank_job","total_working_years","length_of_service","job_satisfaction","relationship_satisfaction","work_life_balance"
111488,34,"Male","Divorced","No","HA","건조기","책임",10,9,4,4,2
112867,33,"Male","Married","No","HA","건조기","책임",5,5,3,5,3
113114,29,"Male","Single","No","HA","건조기","사원",6,3,4,4,3
113981,54,"Female","Married","No","HA","건조기","선임",9,4,3,3,2
114380,38,"Male","Married","Yes","HA","건조기","사원",17,1,1,2,3
114424,37,"Male","Single","No","HA","건조기","선임",4,1,5,1,3
115483,28,"Male","Divorced","No","HA","건조기","사원",4,4,3,4,2
115836,51,"Male","Married","No","HA","건조기","사원",1,1,4,2,2
115952,40,"Male","Married","No","HA","건조기","책임",15,12,4,1,2
116310,45,"Male","Single","No","HA","건조기","사원",1,1,3,4,3
116613,27,"Male","Divorced","No","HA","건조기","책임",1,1,3,5,2
117453,33,"Male","Single","No","HA","건조기","선임",10,10,3,2,2
117574,33,"Male","Married","No","HA","건조기","선임",6,6,2,1,3
117717,31,"Male","Married","No","HA","건조기","책임",12,7,3,2,2
119030,52,"Male","Divorced","No","HA","건조기","선임",16,9,5,2,2
119672,31,"Male","Married","No","HA","건조기","책임",3,2,3,3,3
119778,34,"Male","Divorced","No","HA","건조기","사원",14,7,3,3,3
120556,32,"Male","Married","No","HA","건조기","선임",10,5,3,1,2
120731,36,"Male","Divorced","No","HA","건조기","사원",15,15,4,1,2
121375,43,"Male","Married","No","HA","건조기","책임",22,4,1,3,3
121432,48,"Female","Married","No","HA","건조기","선임",19,9,3,3,3
122323,52,"Male","Single","No","HA","건조기","책임",18,8,2,4,3
122450,34,"Male","Single","No","HA","건조기","선임",10,10,5,5,3
123803,31,"Female","Single","No","HA","건조기","사원",9,5,4,4,2
124400,49,"Male","Married","No","HA","건조기","선임",7,4,1,2,3
124840,24,"Female","Married","No","HA","건조기","선임",5,5,3,3,3
125020,36,"Male","Married","No","HA","건조기","선임",5,1,5,2,3
125529,48,"Male","Single","No","HA","건조기","책임",11,10,4,3,3
125754,34,"Female","Single","No","HA","건조기","사원",9,3,2,4,3
127117,27,"Male","Divorced","No","HA","건조기","사원",6,6,4,2,3
127128,35,"Male","Single","No","HA","건조기","선임",16,15,1,2,3
127280,30,"Female","Married","No","HA","건조기","책임",9,9,1,4,3
127481,37,"Male","Married","No","HA","건조기","선임",8,6,2,2,2
127675,23,"Male","Divorced","No","HA","건조기","사원",4,4,4,3,2
127762,35,"Male","Married","No","HA","건조기","선임",6,5,1,5,1
128447,25,"Male","Divorced","No","HA","건조기","선임",6,6,1,5,3
128490,36,"Male","Married","No","HA","건조기","책임",17,7,3,2,2
129880,35,"Male","Divorced","No","HA","건조기","책임",12,10,5,2,3
129900,47,"Male","Married","No","HA","건조기","책임",17,6,5,3,2
129955,30,"Male","Divorced","No","HA","건조기","책임",11,11,2,2,2
132081,40,"Male","Married","No","HA","건조기","선임",6,4,5,3,2
133653,52,"Male","Single","Yes","HA","건조기","책임",10,8,2,3,2
135263,29,"Male","Divorced","No","HA","건조기","책임",10,10,3,3,3
135682,35,"Female","Married","No","HA","건조기","선임",5,5,3,2,3
137477,34,"Male","Married","No","HA","건조기","책임",1,1,3,5,3
137525,36,"Male","Married","No","HA","건조기","선임",10,3,3,2,2
138015,34,"Male","Single","No","HA","건조기","책임",9,9,3,5,3
138210,32,"Male","Single","No","HA","건조기","사원",12,11,3,1,3
139018,32,"Male","Single","Yes","HA","건조기","선임",10,5,1,1,4
142000,36,"Male","Married","No","HA","건조기","선임",11,9,2,3,3
142539,30,"Male","Single","No","HA","건조기","사원",12,11,4,3,2
143520,37,"Female","Single","No","HA","건조기","사원",8,4,2,1,2
143805,30,"Male","Married","No","HA","건조기","선임",10,9,5,1,3
144312,32,"Male","Single","No","HA","건조기","책임",7,2,2,3,2
144352,39,"Male","Married","No","HA","건조기","책임",21,21,1,4,3
144478,42,"Male","Married","No","HA","건조기","책임",22,22,4,4,3
144867,39,"Female","Single","No","HA","건조기","책임",11,1,1,2,5
144951,27,"Male","Divorced","No","HA","건조기","사원",5,5,2,2,3
145193,55,"Male","Married","No","HA","건조기","선임",24,1,4,4,3
145438,47,"Male","Single","No","HA","건조기","책임",20,7,1,5,3
146161,44,"Male","Single","No","HA","건조기","선임",6,4,5,3,3
146258,21,"Male","Single","Yes","HA","건조기","선임",1,1,1,1,2
146869,47,"Male","Married","No","HA","건조기","사원",16,8,2,3,4
147654,27,"Male","Single","No","HA","건조기","선임",6,4,5,3,2
148356,43,"Male","Married","No","HA","건조기","책임",22,17,4,3,3
150211,37,"Male","Single","No","HA","건조기","책임",16,5,3,1,4
150439,42,"Male","Divorced","No","HA","건조기","선임",9,4,1,3,2
150587,39,"Male","Single","No","HA","건조기","책임",9,8,3,1,3
151979,37,"Male","Married","No","HA","건조기","선임",10,5,4,2,3
152667,26,"Male","Single","No","HA","건조기","선임",1,1,3,3,2
153523,55,"Male","Single","Yes","HA","건조기","선임",12,9,4,3,2
153561,27,"Male","Married","No","HA","건조기","책임",5,4,5,2,3
155376,38,"Female","Divorced","No","HA","건조기","사원",8,8,1,3,3
155443,27,"Male","Single","No","HA","건조기","사원",7,7,4,1,3
155830,49,"Male","Married","No","HA","건조기","책임",22,9,2,2,3
156402,20,"Female","Single","No","HA","건조기","선임",2,2,5,2,3
157975,27,"Female","Married","No","HA","건조기","선임",8,7,1,5,2
158324,46,"Male","Divorced","No","HA","건조기","책임",25,19,1,4,3
158594,44,"Male","Single","No","HA","건조기","사원",6,5,2,3,2
161137,27,"Male","Divorced","No","HA","건조기","사원",6,2,2,4,1
163382,58,"Male","Divorced","No","HA","건조기","사원",12,5,3,4,3
164090,23,"Male","Married","No","HA","건조기","사원",5,4,1,4,4
164298,26,"Male","Divorced","No","HA","건조기","선임",3,3,4,2,1
165460,44,"Male","Single","No","HA","건조기","사원",7,5,3,4,3
165531,33,"Female","Married","No","HA","건조기","선임",8,8,2,4,3
165801,32,"Male","Married","No","HA","건조기","책임",14,14,4,3,2
166101,32,"Female","Single","No","HA","건조기","선임",6,6,2,3,3
168478,55,"Male","Divorced","No","HA","건조기","책임",34,33,2,4,3
168934,25,"Male","Married","No","HA","건조기","선임",2,2,5,3,3
168994,50,"Male","Divorced","No","HA","건조기","책임",29,27,3,5,2
169645,50,"Male","Divorced","No","HA","건조기","책임",32,5,4,3,2
170312,60,"Male","Married","No","HA","건조기","책임",22,18,1,4,4
171535,55,"Male","Divorced","No","HA","건조기","책임",31,7,4,4,4
172126,35,"Male","Single","No","HA","건조기","선임",17,16,2,4,3
172159,22,"Male","Divorced","No","HA","건조기","사원",4,4,2,1,2
172287,22,"Male","Married","Yes","HA","건조기","선임",1,0,4,2,3
173383,59,"Male","Married","No","HA","건조기","선임",7,1,5,1,3
173472,27,"Female","Single","No","HA","건조기","책임",4,4,2,2,2
173526,40,"Male","Single","Yes","HA","건조기","선임",10,4,1,2,1
173731,38,"Male","Divorced","No","HA","건조기","책임",9,8,3,2,3
173849,37,"Male","Single","No","HA","건조기","책임",17,17,5,2,3
173895,34,"Male","Married","No","HA","건조기","선임",10,8,3,1,3
176097,32,"Male","Single","No","HA","건조기","책임",1,1,1,5,3
176286,33,"Male","Single","No","HA","건조기","선임",4,3,5,1,5
176324,33,"Male","Single","Yes","HA","건조기","사원",1,1,3,2,3
176732,45,"Male","Married","No","HA","건조기","선임",12,10,4,1,3
177617,40,"Male","Single","No","HA","건조기","책임",9,5,2,3,3
177832,28,"Male","Divorced","No","HA","건조기","사원",6,5,4,4,3
178028,30,"Male","Married","No","HA","건조기","선임",12,11,2,1,3
178526,38,"Male","Married","No","HA","건조기","선임",5,5,3,2,3
178868,41,"Male","Single","No","HA","건조기","사원",11,3,2,1,1
179390,53,"Male","Married","No","HA","건조기","책임",31,25,4,3,3
179469,45,"Male","Divorced","No","HA","건조기","사원",10,10,4,1,3
179897,35,"Male","Married","No","HA","건조기","책임",10,10,2,1,3
180596,38,"Male","Single","No","HA","건조기","사원",10,9,4,3,2
180779,18,"Male","Single","Yes","HA","건조기","선임",0,0,3,4,3
181154,37,"Male","Married","No","HA","건조기","책임",8,6,3,5,3
182159,37,"Male","Married","Yes","HA","건조기","사원",15,1,2,1,1
182922,42,"Male","Single","No","HA","건조기","선임",8,0,3,5,3
183750,34,"Male","Married","Yes","HA","건조기","선임",2,2,3,4,3
184018,35,"Male","Single","No","HA","건조기","사원",10,10,3,2,3
184597,50,"Female","Divorced","No","HA","건조기","책임",19,14,1,3,3
184826,37,"Male","Divorced","No","HA","건조기","선임",9,1,3,4,3
185325,36,"Male","Single","No","HA","건조기","사원",7,1,4,2,3
186417,49,"Female","Divorced","No","HA","건조기","사원",17,2,1,2,2
186569,38,"Male","Married","No","HA","건조기","선임",7,7,3,5,4
186715,44,"Male","Divorced","No","HA","건조기","책임",26,25,1,4,2
188287,28,"Male","Divorced","No","HA","건조기","선임",1,1,2,1,3
188920,33,"Male","Married","No","HA","건조기","책임",14,14,2,5,3
189197,39,"Male","Divorced","No","HA","건조기","선임",11,10,3,5,3
189269,53,"Male","Married","No","HA","건조기","선임",13,7,3,4,1
190277,34,"Male","Married","No","HA","건조기","사원",6,4,3,1,4
191628,37,"Male","Married","No","HA","건조기","선임",8,1,2,1,3
192389,20,"Male","Single","No","HA","건조기","선임",1,1,3,5,3
192997,35,"Male","Divorced","No","HA","건조기","선임",15,7,5,3,3
195530,32,"Female","Divorced","No","HA","건조기","선임",1,1,1,3,3
196651,28,"Male","Divorced","No","HA","건조기","선임",10,10,1,5,3
197611,32,"Male","Single","No","HA","건조기","선임",8,1,5,2,3
198562,30,"Female","Married","No","HA","건조기","선임",10,9,1,3,3
198591,36,"Male","Married","Yes","HA","건조기","선임",2,1,3,1,2
198785,57,"Male","Divorced","No","HA","건조기","책임",12,5,5,2,1
111437,25,"Female","Divorced","No","HA","냉장고","선임",6,5,3,2,2
111911,31,"Male","Divorced","No","HA","냉장고","선임",9,2,3,1,3
112637,45,"Male","Divorced","No","HA","냉장고","선임",8,5,4,4,3
113124,49,"Male","Single","Yes","HA","냉장고","사원",20,4,1,1,3
113938,26,"Male","Single","No","HA","냉장고","선임",8,8,5,2,2
113967,54,"Female","Divorced","No","HA","냉장고","사원",9,5,1,2,3
114815,38,"Male","Married","No","HA","냉장고","책임",13,8,5,5,3
114982,49,"Female","Married","No","HA","냉장고","사원",10,3,1,1,3
115553,28,"Male","Married","Yes","HA","냉장고","사원",5,3,4,4,2
116097,31,"Male","Divorced","No","HA","냉장고","사원",10,7,4,4,2
117634,43,"Male","Married","No","HA","냉장고","책임",10,1,1,1,2
117714,50,"Male","Married","No","HA","냉장고","책임",3,3,3,3,3
117811,40,"Female","Married","No","HA","냉장고","선임",8,8,2,5,3
118334,34,"Male","Married","Yes","HA","냉장고","사원",11,7,1,3,2
118710,31,"Male","Divorced","No","HA","냉장고","책임",10,5,4,3,2
118944,40,"Male","Single","No","HA","냉장고","선임",5,4,5,5,2
119580,53,"Female","Married","Yes","HA","냉장고","책임",34,33,4,2,3
120782,24,"Male","Single","No","HA","냉장고","선임",6,4,2,5,3
121693,39,"Female","Married","No","HA","냉장고","선임",13,5,4,3,3
121771,28,"Male","Single","No","HA","냉장고","선임",5,4,1,5,3
122592,41,"Female","Married","No","HA","냉장고","책임",21,20,2,3,3
122991,22,"Male","Married","No","HA","냉장고","선임",2,2,2,5,3
124424,33,"Male","Married","No","HA","냉장고","선임",15,15,3,2,3
126553,41,"Female","Divorced","No","HA","냉장고","책임",21,21,3,2,3
126694,42,"Female","Single","No","HA","냉장고","책임",12,12,5,3,3
127371,36,"Male","Married","No","HA","냉장고","사원",17,5,4,3,3
127673,48,"Female","Divorced","No","HA","냉장고","사원",18,8,3,3,3
127849,54,"Female","Married","No","HA","냉장고","선임",22,10,3,3,3
128175,36,"Male","Single","No","HA","냉장고","책임",10,10,1,2,3
129734,24,"Male","Single","No","HA","냉장고","책임",4,0,1,3,2
130215,38,"Male","Married","No","HA","냉장고","책임",15,15,1,2,3
130544,31,"Male","Married","No","HA","냉장고","사원",6,6,1,4,2
130625,24,"Male","Married","No","HA","냉장고","선임",6,6,3,5,3
131455,34,"Female","Divorced","No","HA","냉장고","선임",12,1,2,3,3
131474,33,"Female","Single","No","HA","냉장고","책임",6,5,1,1,3
131952,46,"Male","Single","No","HA","냉장고","책임",27,26,1,2,1
132655,41,"Male","Married","No","HA","냉장고","사원",10,3,2,2,3
133716,35,"Male","Single","No","HA","냉장고","책임",10,10,5,5,3
135521,43,"Female","Single","No","HA","냉장고","사원",20,20,3,1,1
135912,30,"Female","Single","No","HA","냉장고","사원",10,9,1,4,3
136016,19,"Male","Single","No","HA","냉장고","선임",1,1,1,3,3
136688,29,"Male","Single","No","HA","냉장고","사원",10,10,1,4,3
137104,32,"Male","Married","No","HA","냉장고","책임",12,7,2,1,3
137699,21,"Male","Single","No","HA","냉장고","책임",3,3,5,3,2
138027,42,"Male","Married","No","HA","냉장고","책임",10,6,3,2,2
138105,39,"Female","Married","No","HA","냉장고","선임",17,15,3,3,4
138499,46,"Male","Divorced","No","HA","냉장고","책임",13,8,3,2,3
138894,30,"Male","Single","Yes","HA","냉장고","선임",1,1,4,3,2
139524,40,"Female","Married","No","HA","냉장고","선임",7,4,1,4,2
139698,30,"Male","Married","No","HA","냉장고","선임",1,1,2,1,3
140426,28,"Male","Married","No","HA","냉장고","선임",8,8,2,2,2
141652,53,"Male","Married","No","HA","냉장고","책임",28,2,4,3,3
141859,44,"Female","Divorced","No","HA","냉장고","책임",23,22,4,4,2
142315,27,"Male","Single","No","HA","냉장고","사원",5,5,3,1,3
142499,46,"Male","Married","No","HA","냉장고","책임",26,3,3,3,1
142952,41,"Male","Single","No","HA","냉장고","선임",21,2,3,4,3
143061,35,"Male","Divorced","No","HA","냉장고","선임",15,7,2,2,4
143514,31,"Male","Single","No","HA","냉장고","사원",1,1,2,2,3
143639,36,"Male","Married","No","HA","냉장고","사원",17,15,1,4,2
144335,29,"Male","Married","No","HA","냉장고","사원",5,1,3,1,2
144349,38,"Male","Married","No","HA","냉장고","사원",10,8,3,4,3
144937,40,"Male","Single","No","HA","냉장고","선임",8,2,3,5,3
145097,40,"Male","Married","No","HA","냉장고","선임",5,5,1,3,3
146812,30,"Male","Married","No","HA","냉장고","선임",11,11,5,1,3
147112,23,"Male","Single","Yes","HA","냉장고","선임",5,5,3,1,3
147825,31,"Male","Married","No","HA","냉장고","사원",13,12,4,1,3
148281,33,"Male","Divorced","No","HA","냉장고","선임",6,5,3,4,3
148443,55,"Male","Single","No","HA","냉장고","책임",37,36,1,3,3
148947,25,"Female","Married","No","HA","냉장고","사원",5,4,3,4,3
149439,53,"Male","Married","No","HA","냉장고","책임",21,5,3,4,2
149689,43,"Female","Single","No","HA","냉장고","사원",9,8,4,1,3
149834,34,"Male","Married","No","HA","냉장고","사원",15,15,4,3,4
151109,20,"Male","Single","No","HA","냉장고","선임",1,1,1,1,3
152566,38,"Female","Single","No","HA","냉장고","사원",6,5,4,2,3
152600,47,"Female","Married","No","HA","냉장고","책임",26,20,3,2,4
153374,31,"Male","Married","Yes","HA","냉장고","사원",10,10,3,4,2
153661,29,"Male","Married","No","HA","냉장고","선임",6,5,1,1,2
153862,51,"Male","Married","No","HA","냉장고","책임",29,20,3,3,2
153975,35,"Female","Married","No","HA","냉장고","책임",6,5,3,1,3
155389,21,"Female","Single","No","HA","냉장고","선임",1,1,5,1,2
155708,40,"Female","Divorced","No","HA","냉장고","선임",20,20,2,1,3
155871,29,"Male","Divorced","No","HA","냉장고","선임",10,10,4,4,3
157411,24,"Male","Divorced","No","HA","냉장고","사원",5,4,3,4,2
157598,28,"Male","Married","No","HA","냉장고","사원",2,2,4,2,3
158919,18,"Female","Single","No","HA","냉장고","선임",0,0,5,3,4
158935,36,"Male","Single","No","HA","냉장고","사원",8,6,4,3,3
159103,36,"Male","Divorced","No","HA","냉장고","책임",17,17,3,2,3
159566,50,"Male","Divorced","No","HA","냉장고","선임",12,6,3,5,3
160688,37,"Male","Married","No","HA","냉장고","선임",5,5,2,1,3
161412,49,"Male","Single","No","HA","냉장고","책임",25,7,3,4,3
161792,38,"Male","Married","No","HA","냉장고","사원",3,2,2,4,3
162857,21,"Male","Single","No","HA","냉장고","선임",3,3,3,1,5
163504,51,"Male","Married","No","HA","냉장고","선임",10,4,5,2,3
163663,27,"Male","Married","No","HA","냉장고","선임",0,0,5,3,2
163864,30,"Male","Single","No","HA","냉장고","책임",9,7,3,2,3
164635,32,"Male","Married","No","HA","냉장고","책임",10,10,2,5,3
165070,31,"Male","Married","No","HA","냉장고","선임",4,4,1,3,3
166790,47,"Male","Married","Yes","HA","냉장고","책임",25,23,3,3,1
166837,45,"Male","Divorced","No","HA","냉장고","선임",25,1,1,3,3
167590,59,"Female","Married","No","HA","냉장고","책임",30,3,4,4,3
167827,58,"Male","Divorced","No","HA","냉장고","선임",2,2,3,4,3
168089,51,"Male","Divorced","No","HA","냉장고","사원",13,4,2,4,3
168267,46,"Male","Married","Yes","HA","냉장고","사원",13,9,2,4,4
168869,25,"Male","Married","Yes","HA","냉장고","사원",6,3,1,1,3
169001,31,"Male","Married","No","HA","냉장고","책임",7,4,5,3,3
169181,54,"Male","Married","No","HA","냉장고","책임",36,10,4,1,3
170395,25,"Male","Married","Yes","HA","냉장고","사원",1,1,2,3,3
170598,48,"Male","Single","No","HA","냉장고","책임",27,15,3,2,3
171054,30,"Male","Divorced","No","HA","냉장고","책임",1,1,3,2,3
172087,26,"Male","Single","No","HA","냉장고","선임",8,8,5,2,3
172201,36,"Male","Single","No","HA","냉장고","선임",6,6,2,3,3
172412,32,"Male","Divorced","No","HA","냉장고","사원",9,8,4,4,4
172526,55,"Male","Married","No","HA","냉장고","책임",34,1,1,2,3
174487,42,"Male","Married","No","HA","냉장고","선임",4,1,2,2,3
175318,40,"Male","Married","No","HA","냉장고","선임",20,5,3,2,3
175947,34,"Male","Single","No","HA","냉장고","사원",15,13,1,4,3
176028,31,"Male","Divorced","No","HA","냉장고","선임",3,2,4,2,1
176317,32,"Male","Single","Yes","HA","냉장고","사원",10,0,2,2,3
176464,40,"Female","Divorced","No","HA","냉장고","선임",7,5,2,2,4
178374,28,"Male","Single","No","HA","냉장고","사원",9,8,1,3,3
178609,49,"Male","Married","Yes","HA","냉장고","선임",9,9,4,1,4
178704,35,"Male","Married","No","HA","냉장고","선임",5,3,1,5,2
178839,38,"Male","Married","No","HA","냉장고","선임",18,1,3,3,3
179662,34,"Male","Married","No","HA","냉장고","책임",10,10,3,4,3
179932,41,"Male","Divorced","No","HA","냉장고","선임",13,9,3,1,3
180137,33,"Male","Divorced","No","HA","냉장고","책임",7,4,2,3,5
180742,49,"Female","Married","No","HA","냉장고","책임",27,4,2,2,3
181249,29,"Male","Married","No","HA","냉장고","선임",9,7,1,3,3
182305,38,"Female","Married","No","HA","냉장고","책임",20,19,3,1,2
182721,41,"Male","Divorced","No","HA","냉장고","책임",12,9,3,3,3
183758,35,"Male","Married","No","HA","냉장고","선임",15,14,3,4,3
184342,38,"Male","Single","No","HA","냉장고","책임",4,4,2,2,3
185671,25,"Male","Married","No","HA","냉장고","선임",7,3,4,2,2
186168,39,"Female","Divorced","No","HA","냉장고","책임",21,19,2,4,3
187535,25,"Male","Married","No","HA","냉장고","사원",5,5,1,1,4
187682,53,"Male","Married","No","HA","냉장고","책임",11,4,5,3,3
187982,28,"Male","Single","No","HA","냉장고","선임",10,7,2,5,3
188532,35,"Male","Married","No","HA","냉장고","선임",4,4,4,4,3
190439,42,"Male","Divorced","No","HA","냉장고","책임",24,24,4,2,2
190715,36,"Male","Single","No","HA","냉장고","선임",15,14,4,2,2
191209,38,"Male","Divorced","No","HA","냉장고","선임",13,4,1,3,2
191427,31,"Male","Married","No","HA","냉장고","선임",10,10,5,3,3
191938,30,"Male","Married","No","HA","냉장고","사원",7,2,3,3,3
192131,33,"Male","Single","No","HA","냉장고","선임",10,10,1,1,3
193254,42,"Male","Married","No","HA","냉장고","사원",10,4,1,1,4
193429,31,"Male","Married","No","HA","냉장고","선임",10,8,4,2,2
193657,34,"Male","Married","No","HA","냉장고","선임",14,10,2,5,4
193948,34,"Male","Married","No","HA","냉장고","책임",6,6,5,5,3
194826,38,"Male","Married","No","HA","냉장고","선임",20,18,3,1,3
194915,34,"Male","Married","No","HA","냉장고","선임",2,1,3,5,2
197148,50,"Male","Married","No","HA","냉장고","책임",22,12,3,4,3
197183,51,"Male","Single","No","HA","냉장고","사원",8,7,3,2,2
197828,40,"Male","Single","No","HA","냉장고","책임",21,20,3,1,4
198230,43,"Male","Divorced","No","HA","냉장고","책임",21,1,4,3,2
199791,35,"Male","Married","No","HA","냉장고","선임",10,10,5,5,1
199955,42,"Male","Single","No","HA","냉장고","사원",16,1,4,1,3
111268,41,"Male","Divorced","No","HA","세탁기","선임",12,6,4,1,2
111718,34,"Male","Divorced","No","HA","세탁기","선임",9,8,3,3,2
111860,31,"Male","Single","Yes","HA","세탁기","선임",1,1,3,2,3
112207,24,"Male","Divorced","No","HA","세탁기","사원",6,6,1,2,4
112767,38,"Female","Single","No","HA","세탁기","선임",8,3,2,2,4
112838,39,"Male","Divorced","No","HA","세탁기","선임",7,2,5,4,3
113241,50,"Male","Married","No","HA","세탁기","책임",32,32,2,3,3
114080,42,"Female","Single","No","HA","세탁기","선임",10,5,3,1,3
114618,42,"Male","Married","No","HA","세탁기","선임",24,20,4,3,1
115334,35,"Male","Single","No","HA","세탁기","책임",10,2,4,3,3
116776,46,"Male","Single","No","HA","세탁기","선임",19,10,2,4,3
116796,33,"Male","Divorced","Yes","HA","세탁기","선임",8,4,4,1,3
117528,36,"Male","Single","No","HA","세탁기","책임",7,3,5,5,2
118284,28,"Female","Married","No","HA","세탁기","책임",8,8,2,1,3
118675,28,"Male","Married","No","HA","세탁기","사원",5,5,3,2,4
119628,24,"Male","Married","Yes","HA","세탁기","사원",6,2,4,1,2
120609,31,"Male","Married","No","HA","세탁기","사원",10,10,1,2,3
120846,42,"Male","Single","No","HA","세탁기","사원",20,20,3,4,3
121118,42,"Male","Divorced","No","HA","세탁기","선임",14,0,4,3,3
121408,57,"Male","Married","No","HA","세탁기","선임",15,3,3,3,3
123078,31,"Female","Divorced","No","HA","세탁기","선임",8,5,5,5,3
123361,32,"Male","Married","No","HA","세탁기","책임",6,4,2,1,3
123469,42,"Male","Married","No","HA","세탁기","선임",20,20,3,3,3
123884,22,"Male","Single","No","HA","세탁기","선임",1,0,5,3,3
124065,27,"Male","Single","No","HA","세탁기","사원",9,8,3,2,2
124470,33,"Male","Married","No","HA","세탁기","사원",15,14,4,2,3
124610,58,"Female","Married","Yes","HA","세탁기","선임",40,40,4,4,2
125420,49,"Male","Married","No","HA","세탁기","책임",30,15,3,2,3
125496,35,"Male","Married","No","HA","세탁기","책임",16,13,4,2,2
125565,34,"Male","Divorced","No","HA","세탁기","사원",7,0,1,3,3
125931,24,"Male","Married","No","HA","세탁기","사원",3,2,4,4,3
125961,32,"Male","Married","No","HA","세탁기","선임",13,13,3,3,2
126398,37,"Female","Married","No","HA","세탁기","책임",15,13,3,1,3
127979,59,"Male","Married","No","HA","세탁기","선임",14,6,4,3,1
128148,31,"Male","Married","No","HA","세탁기","사원",6,5,3,3,3
128866,27,"Male","Married","No","HA","세탁기","책임",9,9,1,5,2
129328,25,"Male","Single","Yes","HA","세탁기","선임",1,1,4,4,3
129462,48,"Male","Single","No","HA","세탁기","책임",27,5,4,3,2
129766,36,"Male","Single","No","HA","세탁기","사원",16,13,2,4,4
129986,53,"Female","Married","No","HA","세탁기","책임",35,5,4,4,3
130267,29,"Male","Divorced","No","HA","세탁기","사원",8,4,4,3,3
130272,36,"Male","Single","No","HA","세탁기","사원",15,4,2,3,3
130657,42,"Male","Single","Yes","HA","세탁기","책임",22,21,1,2,2
130804,42,"Male","Divorced","No","HA","세탁기","선임",10,9,1,3,3
131244,31,"Male","Single","No","HA","세탁기","책임",11,11,5,5,3
131279,36,"Male","Divorced","No","HA","세탁기","사원",12,7,4,4,3
132272,40,"Male","Divorced","No","HA","세탁기","선임",6,4,3,2,3
132428,35,"Male","Married","No","HA","세탁기","책임",10,4,1,3,3
132874,19,"Male","Single","No","HA","세탁기","책임",1,0,1,1,5
132934,36,"Male","Divorced","No","HA","세탁기","선임",18,4,2,2,3
132942,40,"Male","Married","No","HA","세탁기","사원",10,7,3,3,3
133857,42,"Female","Married","No","HA","세탁기","책임",21,20,1,3,3
134073,47,"Male","Married","No","HA","세탁기","책임",11,5,3,3,2
135242,45,"Male","Divorced","No","HA","세탁기","선임",10,10,2,1,3
135265,28,"Male","Divorced","No","HA","세탁기","선임",3,3,3,5,3
135602,32,"Male","Divorced","No","HA","세탁기","사원",10,9,2,3,2
136447,40,"Male","Married","No","HA","세탁기","선임",5,0,2,5,3
136718,31,"Male","Single","Yes","HA","세탁기","선임",7,7,3,1,1
138268,44,"Male","Divorced","Yes","HA","세탁기","사원",19,1,3,4,1
138269,55,"Male","Married","No","HA","세탁기","책임",23,3,2,2,3
138355,41,"Male","Divorced","No","HA","세탁기","책임",21,18,3,2,4
138694,30,"Male","Divorced","No","HA","세탁기","선임",6,5,3,1,5
138862,44,"Male","Single","Yes","HA","세탁기","사원",6,6,3,3,3
140041,28,"Male","Married","No","HA","세탁기","사원",5,5,4,4,2
140179,19,"Female","Single","No","HA","세탁기","선임",1,1,4,4,3
140530,27,"Male","Married","No","HA","세탁기","사원",4,2,2,2,3
141009,30,"Male","Single","No","HA","세탁기","책임",12,0,5,2,2
141059,40,"Female","Divorced","No","HA","세탁기","사원",8,5,2,3,3
141111,41,"Male","Married","No","HA","세탁기","책임",7,4,3,1,2
141370,40,"Male","Divorced","No","HA","세탁기","사원",8,3,3,3,4
142658,41,"Female","Married","Yes","HA","세탁기","책임",23,22,3,4,3
142755,42,"Male","Married","No","HA","세탁기","사원",10,9,2,4,2
143376,36,"Male","Single","No","HA","세탁기","책임",18,17,1,3,3
143965,32,"Male","Single","No","HA","세탁기","사원",10,10,4,4,2
144136,32,"Male","Divorced","No","HA","세탁기","사원",7,6,2,4,2
144496,33,"Female","Married","No","HA","세탁기","책임",12,10,2,2,3
144676,29,"Male","Divorced","No","HA","세탁기","사원",6,6,4,4,4
145004,37,"Male","Married","No","HA","세탁기","선임",8,8,2,1,1
146116,47,"Female","Single","No","HA","세탁기","선임",9,9,4,3,3
146687,44,"Female","Married","Yes","HA","세탁기","선임",10,10,4,4,3
147511,46,"Male","Married","No","HA","세탁기","책임",23,12,3,4,3
148343,36,"Male","Married","Yes","HA","세탁기","선임",16,16,4,1,3
148851,48,"Male","Single","No","HA","세탁기","책임",23,1,3,4,3
149040,29,"Male","Married","Yes","HA","세탁기","선임",4,2,5,2,4
149197,33,"Male","Single","No","HA","세탁기","선임",6,5,5,1,3
149292,45,"Female","Single","No","HA","세탁기","선임",10,10,1,1,3
149340,21,"Male","Single","No","HA","세탁기","선임",2,2,2,3,5
149380,32,"Male","Single","No","HA","세탁기","선임",4,0,4,3,4
150370,40,"Male","Married","No","HA","세탁기","사원",5,3,4,4,1
151637,27,"Female","Single","No","HA","세탁기","선임",1,1,3,3,3
151705,43,"Male","Divorced","No","HA","세탁기","책임",18,1,4,3,3
152024,31,"Male","Divorced","No","HA","세탁기","책임",13,13,4,1,3
152619,34,"Male","Married","No","HA","세탁기","사원",10,10,4,4,2
152814,36,"Male","Married","No","HA","세탁기","사원",10,9,2,1,3
153001,59,"Female","Single","No","HA","세탁기","책임",28,21,1,4,2
153074,41,"Female","Single","No","HA","세탁기","선임",8,6,5,1,1
153146,39,"Male","Single","No","HA","세탁기","선임",9,5,2,3,2
153469,23,"Male","Married","Yes","HA","세탁기","선임",1,0,1,3,3
153552,37,"Male","Divorced","No","HA","세탁기","책임",6,5,1,2,2
154542,34,"Male","Divorced","No","HA","세탁기","책임",16,14,1,4,2
156244,29,"Male","Divorced","Yes","HA","세탁기","사원",4,2,1,4,3
156505,24,"Male","Married","No","HA","세탁기","책임",1,1,2,3,3
157156,32,"Male","Married","Yes","HA","세탁기","사원",10,10,3,1,3
157169,34,"Female","Married","No","HA","세탁기","사원",6,4,3,4,3
158103,34,"Male","Married","No","HA","세탁기","선임",12,11,3,2,3
160222,39,"Male","Married","No","HA","세탁기","책임",10,3,3,3,3
160341,22,"Male","Divorced","No","HA","세탁기","선임",1,1,5,2,2
161238,48,"Male","Married","No","HA","세탁기","책임",10,8,1,5,2
161276,28,"Male","Single","No","HA","세탁기","선임",6,4,3,2,3
161438,46,"Male","Married","No","HA","세탁기","책임",28,2,3,4,2
161669,33,"Male","Married","No","HA","세탁기","선임",8,5,5,1,4
161890,29,"Male","Married","No","HA","세탁기","선임",10,10,3,3,3
162202,40,"Male","Married","No","HA","세탁기","책임",18,18,3,4,3
162299,32,"Male","Divorced","No","HA","세탁기","선임",9,5,5,2,3
162484,38,"Female","Single","No","HA","세탁기","사원",19,3,3,2,3
162784,42,"Male","Divorced","No","HA","세탁기","책임",4,3,3,3,3
163102,32,"Female","Single","No","HA","세탁기","선임",10,7,5,3,2
163153,30,"Male","Married","No","HA","세탁기","책임",12,10,4,3,3
163654,41,"Female","Married","No","HA","세탁기","책임",22,18,1,2,3
164322,44,"Male","Married","No","HA","세탁기","책임",26,2,4,1,4
164400,43,"Male","Married","No","HA","세탁기","책임",14,14,3,1,3
165003,45,"Male","Married","No","HA","세탁기","책임",21,20,4,2,3
165305,31,"Male","Married","No","HA","세탁기","책임",12,1,3,1,3
165435,43,"Female","Divorced","No","HA","세탁기","사원",8,5,3,4,3
165710,27,"Male","Married","No","HA","세탁기","선임",9,9,3,5,3
165876,42,"Male","Single","No","HA","세탁기","사원",10,3,1,3,3
166833,46,"Male","Single","No","HA","세탁기","사원",14,9,4,3,3
167729,32,"Male","Married","No","HA","세탁기","선임",14,14,3,3,3
168204,33,"Male","Married","No","HA","세탁기","책임",4,3,2,3,3
168337,32,"Male","Married","No","HA","세탁기","선임",10,10,5,3,4
169426,36,"Male","Married","No","HA","세탁기","사원",17,16,4,1,2
169477,39,"Male","Married","No","HA","세탁기","선임",11,7,3,1,3
169940,31,"Male","Married","No","HA","세탁기","선임",8,6,4,2,3
171092,26,"Male","Married","No","HA","세탁기","선임",8,8,5,2,3
171237,24,"Male","Divorced","No","HA","세탁기","책임",1,1,2,3,3
171278,38,"Male","Divorced","No","HA","세탁기","선임",10,2,4,2,3
172080,30,"Male","Single","No","HA","세탁기","사원",5,5,3,3,2
172210,33,"Male","Divorced","No","HA","세탁기","책임",9,9,1,1,3
172354,36,"Female","Married","No","HA","세탁기","선임",6,2,3,2,3
172463,50,"Female","Married","No","HA","세탁기","책임",25,3,1,2,3
173199,39,"Male","Divorced","No","HA","세탁기","책임",7,2,5,2,3
173977,28,"Male","Single","No","HA","세탁기","선임",5,4,3,3,2
174059,29,"Female","Married","No","HA","세탁기","선임",3,3,5,2,3
174213,27,"Male","Married","No","HA","세탁기","사원",6,6,2,2,3
174708,44,"Male","Married","No","HA","세탁기","선임",10,2,1,5,3
174806,50,"Male","Married","No","HA","세탁기","선임",5,3,3,5,2
175228,20,"Male","Single","No","HA","세탁기","선임",1,1,1,2,3
175262,38,"Male","Divorced","No","HA","세탁기","책임",12,11,4,2,3
175574,30,"Female","Single","No","HA","세탁기","선임",12,12,5,5,3
176040,35,"Male","Married","No","HA","세탁기","선임",10,10,3,4,4
176703,39,"Female","Single","No","HA","세탁기","선임",20,19,3,4,3
177561,45,"Male","Married","No","HA","세탁기","선임",8,5,5,5,3
177572,28,"Female","Married","No","HA","세탁기","사원",3,3,1,3,3
177729,50,"Male","Married","No","HA","세탁기","사원",4,2,2,4,3
178351,25,"Male","Married","No","HA","세탁기","책임",7,7,5,2,5
178832,41,"Female","Married","No","HA","세탁기","사원",14,5,2,3,3
178849,41,"Male","Divorced","No","HA","세탁기","책임",21,7,1,2,2
179038,34,"Female","Divorced","No","HA","세탁기","사원",5,5,3,3,3
180039,33,"Male","Single","No","HA","세탁기","책임",5,5,2,5,3
180552,46,"Male","Single","No","HA","세탁기","선임",6,2,2,3,3
180772,31,"Male","Divorced","No","HA","세탁기","선임",13,13,2,4,4
181449,34,"Male","Married","No","HA","세탁기","책임",6,0,5,5,3
182637,23,"Male","Married","No","HA","세탁기","선임",1,1,3,4,3
183862,30,"Male","Married","No","HA","세탁기","선임",7,6,1,3,2
184010,23,"Male","Single","No","HA","세탁기","사원",5,5,4,3,4
184151,27,"Female","Divorced","No","HA","세탁기","사원",6,5,3,3,2
184193,22,"Male","Married","No","HA","세탁기","책임",3,2,5,3,3
184242,29,"Female","Single","Yes","HA","세탁기","선임",9,8,4,1,3
184641,31,"Male","Married","No","HA","세탁기","선임",6,5,3,5,5
184887,45,"Female","Married","No","HA","세탁기","선임",10,9,5,5,2
185054,31,"Female","Married","No","HA","세탁기","선임",13,13,1,2,1
186226,20,"Male","Single","No","HA","세탁기","책임",2,2,1,1,3
187651,46,"Male","Married","No","HA","세탁기","책임",28,26,1,1,3
187957,41,"Male","Married","No","HA","세탁기","책임",6,1,5,1,3
188016,47,"Male","Married","No","HA","세탁기","선임",4,1,2,4,1
188312,40,"Male","Divorced","No","HA","세탁기","선임",20,1,1,3,3
188525,53,"Male","Divorced","No","HA","세탁기","책임",22,17,3,3,4
188764,27,"Male","Single","No","HA","세탁기","사원",8,6,4,2,3
188923,37,"Male","Divorced","Yes","HA","세탁기","선임",17,1,3,2,3
188959,27,"Female","Single","No","HA","세탁기","선임",7,7,3,4,3
189359,36,"Male","Divorced","No","HA","세탁기","선임",16,2,1,2,3
189506,26,"Male","Single","Yes","HA","세탁기","선임",1,1,4,2,1
189862,26,"Female","Divorced","No","HA","세탁기","책임",6,6,2,1,1
190191,55,"Male","Married","No","HA","세탁기","책임",35,10,2,1,3
190245,53,"Female","Married","No","HA","세탁기","책임",27,3,3,4,2
190441,39,"Male","Single","No","HA","세탁기","사원",10,9,3,4,1
190545,22,"Male","Married","No","HA","세탁기","사원",4,4,3,2,2
191215,53,"Male","Married","No","HA","세탁기","책임",32,5,3,3,3
191646,30,"Female","Married","No","HA","세탁기","선임",11,10,5,5,3
192579,54,"Male","Married","No","HA","세탁기","선임",16,4,3,1,1
192677,42,"Male","Married","No","HA","세탁기","책임",21,1,3,2,4
193133,36,"Male","Single","No","HA","세탁기","선임",10,8,2,5,3
194241,34,"Female","Divorced","Yes","HA","세탁기","사원",3,2,3,4,2
194420,47,"Male","Single","No","HA","세탁기","책임",3,3,5,1,2
194976,29,"Male","Single","Yes","HA","세탁기","선임",1,1,1,4,3
195223,35,"Male","Divorced","No","HA","세탁기","사원",1,1,4,3,3
195349,50,"Male","Married","No","HA","세탁기","선임",8,1,5,2,3
195604,32,"Male","Single","No","HA","세탁기","책임",9,9,4,4,3
195613,29,"Male","Single","Yes","HA","세탁기","사원",11,9,1,3,1
195792,29,"Male","Married","No","HA","세탁기","선임",10,4,2,1,3
195936,32,"Male","Single","No","HA","세탁기","책임",4,4,1,5,3
196505,35,"Male","Married","No","HA","세탁기","선임",9,9,1,4,2
197590,49,"Female","Single","No","HA","세탁기","사원",8,5,4,3,4
198885,30,"Male","Single","No","HA","세탁기","책임",12,11,3,3,3
198986,45,"Male","Married","No","HA","세탁기","사원",8,2,4,4,2
199147,30,"Male","Married","No","HA","세탁기","책임",1,1,1,3,5
199740,33,"Male","Married","No","HA","세탁기","책임",5,4,1,1,3
199915,22,"Male","Single","No","HA","세탁기","선임",4,2,3,3,3
112012,38,"Male","Single","No","HA","스타일러","책임",6,3,5,3,3
112618,29,"Female","Married","No","HA","스타일러","책임",9,5,3,3,3
115004,34,"Male","Married","No","HA","스타일러","선임",10,10,3,3,2
119283,28,"Male","Divorced","No","HA","스타일러","책임",6,4,5,1,2
120952,40,"Male","Married","No","HA","스타일러","사원",8,1,4,3,2
122820,35,"Male","Single","No","HA","스타일러","선임",3,3,1,2,3
123504,49,"Male","Married","No","HA","스타일러","책임",28,5,4,4,3
126882,38,"Male","Single","No","HA","스타일러","선임",8,0,1,5,2
131687,27,"Male","Married","No","HA","스타일러","사원",8,8,2,1,3
131832,36,"Male","Married","No","HA","스타일러","책임",9,3,1,3,3
132735,38,"Male","Married","No","HA","스타일러","선임",10,6,3,3,3
137586,18,"Female","Single","Yes","HA","스타일러","선임",0,0,4,3,4
138078,44,"Male","Married","No","HA","스타일러","책임",26,22,2,3,3
138797,44,"Male","Married","Yes","HA","스타일러","선임",24,20,1,4,3
140200,24,"Male","Single","No","HA","스타일러","사원",4,4,3,2,2
140746,31,"Male","Divorced","No","HA","스타일러","책임",13,7,5,5,5
141043,39,"Male","Married","No","HA","스타일러","책임",9,7,1,1,3
141759,21,"Female","Single","No","HA","스타일러","선임",2,2,3,3,1
141993,23,"Female","Single","No","HA","스타일러","선임",3,3,2,3,1
143287,27,"Male","Married","No","HA","스타일러","책임",5,3,3,1,3
146834,55,"Female","Married","No","HA","스타일러","책임",23,19,3,4,3
148604,35,"Male","Married","No","HA","스타일러","책임",10,8,3,2,3
148630,30,"Male","Divorced","No","HA","스타일러","선임",10,8,4,4,2
152391,29,"Female","Divorced","No","HA","스타일러","책임",8,7,2,5,2
154218,26,"Female","Married","No","HA","스타일러","사원",5,5,2,3,2
154765,27,"Male","Divorced","No","HA","스타일러","선임",5,4,1,2,3
155299,40,"Female","Married","No","HA","스타일러","선임",10,10,3,1,5
155403,32,"Male","Married","No","HA","스타일러","책임",3,2,2,2,3
157444,27,"Male","Married","No","HA","스타일러","책임",9,9,1,4,3
157562,39,"Male","Married","No","HA","스타일러","책임",21,21,4,1,3
158508,43,"Male","Single","No","HA","스타일러","사원",10,9,4,2,3
158912,33,"Female","Married","No","HA","스타일러","책임",7,3,2,5,3
159037,36,"Female","Married","No","HA","스타일러","책임",10,9,5,3,3
160170,34,"Male","Married","No","HA","스타일러","사원",9,2,4,2,2
160454,25,"Female","Married","No","HA","스타일러","선임",6,2,2,3,3
163121,34,"Male","Married","No","HA","스타일러","선임",13,11,1,2,3
166026,31,"Male","Single","Yes","HA","스타일러","선임",3,3,2,1,4
169288,20,"Male","Single","No","HA","스타일러","사원",2,2,3,1,2
172781,34,"Male","Married","No","HA","스타일러","선임",4,3,5,3,1
173059,25,"Male","Single","No","HA","스타일러","선임",2,2,2,5,2
173249,38,"Male","Divorced","No","HA","스타일러","선임",4,4,3,4,3
173606,38,"Male","Married","No","HA","스타일러","책임",1,1,5,3,3
175225,24,"Male","Married","No","HA","스타일러","사원",6,5,3,3,3
177439,35,"Male","Married","Yes","HA","스타일러","사원",8,1,3,1,3
177473,26,"Male","Married","No","HA","스타일러","사원",8,8,4,2,3
177487,29,"Male","Divorced","No","HA","스타일러","사원",1,1,1,3,3
177692,23,"Male","Divorced","No","HA","스타일러","선임",3,0,1,3,3
178397,44,"Male","Married","No","HA","스타일러","책임",9,4,5,5,5
178457,29,"Male","Single","No","HA","스타일러","책임",4,4,5,3,2
180564,32,"Male","Single","No","HA","스타일러","책임",10,8,3,5,3
181237,21,"Male","Single","No","HA","스타일러","사원",0,0,4,4,3
184874,29,"Male","Divorced","No","HA","스타일러","선임",11,7,3,5,3
186690,50,"Male","Married","No","HA","스타일러","책임",28,8,2,1,2
189362,34,"Male","Single","No","HA","스타일러","선임",10,10,1,5,4
191976,35,"Male","Married","No","HA","스타일러","선임",16,16,1,5,3
196592,35,"Female","Divorced","No","HA","스타일러","선임",10,10,2,1,2
196622,39,"Male","Single","No","HA","스타일러","선임",20,20,3,1,3
198681,49,"Male","Single","No","HA","스타일러","선임",26,5,3,3,3
199816,33,"Female","Divorced","No","HA","스타일러","선임",7,6,4,3,3
111598,39,"Male","Single","No","HA","에어컨","책임",9,4,3,3,3
113066,28,"Male","Single","Yes","HA","에어컨","사원",5,0,3,3,1
113254,28,"Male","Divorced","No","HA","에어컨","사원",6,2,3,2,3
113437,37,"Male","Divorced","No","HA","에어컨","책임",9,9,2,4,3
113631,42,"Male","Single","No","HA","에어컨","사원",14,1,4,2,3
113769,34,"Male","Divorced","No","HA","에어컨","선임",11,11,2,3,3
114654,37,"Female","Single","No","HA","에어컨","책임",8,3,3,1,3
115587,34,"Female","Single","No","HA","에어컨","책임",9,8,2,2,4
115758,31,"Female","Divorced","No","HA","에어컨","사원",4,2,3,2,2
117360,28,"Male","Divorced","No","HA","에어컨","사원",1,1,3,4,1
117534,44,"Male","Single","No","HA","에어컨","선임",20,20,5,2,3
117625,39,"Female","Divorced","No","HA","에어컨","선임",7,3,3,3,3
117668,27,"Male","Divorced","No","HA","에어컨","책임",9,9,4,2,3
117731,32,"Male","Married","No","HA","에어컨","선임",4,3,4,1,3
117889,55,"Male","Married","No","HA","에어컨","사원",17,8,2,4,3
118145,29,"Male","Single","No","HA","에어컨","선임",4,3,5,3,3
118258,23,"Male","Divorced","Yes","HA","에어컨","사원",3,3,4,2,3
118455,35,"Male","Single","Yes","HA","에어컨","선임",9,8,1,1,3
120163,45,"Male","Single","No","HA","에어컨","책임",26,24,2,1,3
120437,58,"Female","Married","No","HA","에어컨","책임",29,1,4,3,2
121371,34,"Male","Single","No","HA","에어컨","선임",5,3,3,5,2
121403,22,"Male","Married","No","HA","에어컨","선임",2,2,5,1,3
123405,36,"Male","Single","No","HA","에어컨","선임",18,16,2,5,3
123477,31,"Male","Married","No","HA","에어컨","선임",4,2,3,3,3
123796,30,"Male","Divorced","Yes","HA","에어컨","사원",6,4,4,3,2
123868,29,"Female","Divorced","No","HA","에어컨","사원",3,3,4,1,3
123916,29,"Male","Married","Yes","HA","에어컨","사원",7,7,1,4,2
124222,27,"Male","Married","No","HA","에어컨","선임",6,5,2,3,2
124493,30,"Male","Single","No","HA","에어컨","사원",10,10,3,1,3
124537,37,"Male","Married","No","HA","에어컨","사원",9,4,3,1,2
125260,36,"Male","Divorced","No","HA","에어컨","사원",7,3,2,4,3
125625,38,"Male","Divorced","No","HA","에어컨","선임",13,11,2,4,3
127674,44,"Male","Single","No","HA","에어컨","책임",6,0,3,5,3
128072,31,"Male","Divorced","No","HA","에어컨","사원",5,5,3,4,2
128092,33,"Male","Married","No","HA","에어컨","사원",8,2,1,4,1
128538,45,"Male","Single","No","HA","에어컨","사원",9,8,3,1,3
128578,41,"Male","Married","No","HA","에어컨","선임",10,10,3,3,3
130115,32,"Male","Single","No","HA","에어컨","책임",9,6,1,5,3
130356,60,"Male","Divorced","No","HA","에어컨","책임",12,11,5,2,3
130748,36,"Male","Single","No","HA","에어컨","사원",10,10,4,4,2
131116,35,"Male","Married","No","HA","에어컨","사원",4,3,3,4,3
134662,36,"Male","Married","No","HA","에어컨","책임",10,9,4,3,3
134772,40,"Male","Divorced","No","HA","에어컨","선임",3,1,2,4,3
135075,43,"Male","Divorced","No","HA","에어컨","선임",8,6,2,3,3
135595,31,"Male","Single","No","HA","에어컨","책임",11,11,4,3,2
135661,30,"Male","Divorced","No","HA","에어컨","책임",12,7,1,1,3
135927,34,"Male","Divorced","No","HA","에어컨","사원",5,5,3,4,4
136478,22,"Male","Single","Yes","HA","에어컨","사원",1,1,2,1,3
137473,28,"Male","Married","No","HA","에어컨","책임",6,5,2,1,1
137547,24,"Male","Married","No","HA","에어컨","책임",6,6,5,2,3
137557,21,"Male","Single","No","HA","에어컨","선임",2,2,1,5,3
138839,50,"Male","Married","No","HA","에어컨","책임",28,27,3,2,3
139093,26,"Male","Married","No","HA","에어컨","사원",5,2,4,3,2
139701,59,"Male","Single","No","HA","에어컨","책임",30,5,4,1,3
139810,32,"Male","Married","No","HA","에어컨","선임",8,8,1,3,4
140010,40,"Male","Single","No","HA","에어컨","선임",20,18,3,3,2
140211,37,"Male","Divorced","Yes","HA","에어컨","선임",7,3,1,4,3
140377,28,"Male","Single","No","HA","에어컨","사원",7,7,4,4,3
142038,34,"Male","Single","No","HA","에어컨","선임",8,4,1,3,3
142687,40,"Female","Single","No","HA","에어컨","책임",22,1,2,5,2
143425,37,"Male","Married","No","HA","에어컨","사원",16,5,1,3,3
143457,46,"Male","Married","No","HA","에어컨","책임",14,8,2,3,3
143929,28,"Male","Divorced","No","HA","에어컨","책임",10,9,2,2,2
144176,31,"Female","Single","No","HA","에어컨","사원",8,3,2,4,3
144523,55,"Male","Married","No","HA","에어컨","책임",24,5,1,4,3
144814,19,"Male","Single","No","HA","에어컨","선임",1,1,5,3,2
146790,30,"Male","Married","No","HA","에어컨","사원",10,10,3,1,3
147231,37,"Male","Married","Yes","HA","에어컨","선임",17,14,3,3,1
147963,57,"Male","Married","No","HA","에어컨","선임",13,12,3,1,2
148110,36,"Male","Single","No","HA","에어컨","선임",10,5,1,2,3
149139,45,"Male","Married","No","HA","에어컨","선임",10,3,4,4,4
149375,26,"Female","Divorced","No","HA","에어컨","선임",5,5,3,3,3
151715,26,"Male","Married","Yes","HA","에어컨","선임",6,3,1,2,3
151973,50,"Male","Divorced","No","HA","에어컨","책임",28,10,2,1,2
152796,48,"Male","Single","No","HA","에어컨","사원",7,1,2,3,2
152978,39,"Male","Married","No","HA","에어컨","선임",8,8,3,1,3
153724,53,"Male","Married","No","HA","에어컨","책임",30,15,2,1,3
154639,35,"Male","Single","No","HA","에어컨","사원",9,3,4,4,3
155271,29,"Male","Married","No","HA","에어컨","선임",11,8,3,1,2
156273,45,"Male","Married","No","HA","에어컨","선임",17,0,1,2,4
156375,34,"Male","Divorced","No","HA","에어컨","책임",9,9,5,1,3
157643,38,"Male","Married","No","HA","에어컨","책임",20,4,5,1,2
158124,48,"Male","Married","No","HA","에어컨","책임",23,2,4,2,3
158264,24,"Male","Married","No","HA","에어컨","책임",6,5,5,5,2
158591,26,"Male","Single","Yes","HA","에어컨","선임",7,2,1,4,3
159211,45,"Female","Single","No","HA","에어컨","책임",22,0,2,3,3
159877,29,"Male","Single","No","HA","에어컨","책임",6,6,5,1,3
160124,26,"Female","Married","No","HA","에어컨","선임",1,1,3,3,2
160236,36,"Male","Divorced","No","HA","에어컨","사원",7,7,3,3,3
160975,47,"Male","Married","No","HA","에어컨","책임",27,5,3,3,3
162042,33,"Male","Divorced","No","HA","에어컨","사원",6,6,4,3,3
162232,31,"Male","Single","No","HA","에어컨","사원",10,6,4,3,4
162433,34,"Female","Single","No","HA","에어컨","책임",13,12,2,3,3
164900,46,"Male","Married","No","HA","에어컨","책임",21,10,1,3,2
166269,38,"Male","Divorced","No","HA","에어컨","선임",17,16,3,3,2
167942,34,"Male","Married","No","HA","에어컨","선임",6,5,5,1,3
167958,50,"Male","Divorced","No","HA","에어컨","책임",31,31,1,4,3
169650,33,"Male","Married","No","HA","에어컨","선임",14,10,1,2,3
170000,32,"Male","Single","Yes","HA","에어컨","사원",10,10,1,2,3
170019,31,"Male","Married","No","HA","에어컨","책임",3,2,5,1,3
171179,29,"Male","Divorced","No","HA","에어컨","선임",10,3,5,4,3
171184,49,"Male","Divorced","No","HA","에어컨","책임",29,8,2,2,3
171694,29,"Male","Divorced","No","HA","에어컨","책임",9,7,4,2,2
172823,41,"Male","Divorced","Yes","HA","에어컨","사원",5,1,1,1,1
172969,46,"Male","Married","No","HA","에어컨","책임",26,11,2,3,3
173101,38,"Male","Single","No","HA","에어컨","책임",10,1,2,3,3
173146,40,"Male","Divorced","No","HA","에어컨","책임",22,19,1,1,3
174660,35,"Male","Married","No","HA","에어컨","선임",6,5,3,2,5
174707,42,"Female","Divorced","No","HA","에어컨","사원",19,5,3,2,3
174762,41,"Male","Divorced","No","HA","에어컨","사원",14,5,2,3,3
176156,56,"Male","Divorced","No","HA","에어컨","사원",13,13,3,1,2
176557,30,"Male","Married","No","HA","에어컨","선임",10,10,1,5,3
176565,28,"Male","Married","No","HA","에어컨","선임",1,1,2,2,3
176862,35,"Male","Single","No","HA","에어컨","선임",6,6,3,1,3
178419,39,"Male","Single","No","HA","에어컨","선임",9,8,3,4,3
179105,50,"Male","Married","No","HA","에어컨","책임",32,30,3,3,3
179256,45,"Male","Divorced","No","HA","에어컨","선임",9,5,1,1,5
180211,28,"Female","Divorced","No","HA","에어컨","책임",6,5,1,2,2
180384,19,"Male","Single","Yes","HA","에어컨","사원",1,1,4,3,4
181561,29,"Male","Divorced","No","HA","에어컨","사원",6,6,4,2,3
182720,28,"Male","Married","No","HA","에어컨","책임",5,3,3,5,5
184038,37,"Female","Single","No","HA","에어컨","선임",12,6,4,4,4
185299,38,"Male","Married","No","HA","에어컨","사원",15,1,4,3,3
186047,54,"Female","Single","No","HA","에어컨","선임",9,5,1,5,3
186579,38,"Female","Single","No","HA","에어컨","선임",17,15,1,5,3
187106,53,"Male","Single","No","HA","에어컨","선임",19,2,4,4,3
187721,24,"Male","Divorced","No","HA","에어컨","선임",5,4,3,2,3
189650,24,"Male","Married","No","HA","에어컨","사원",1,1,2,4,3
189762,36,"Male","Married","No","HA","에어컨","책임",10,10,3,2,3
192830,46,"Female","Divorced","No","HA","에어컨","책임",19,16,1,1,3
192843,33,"Male","Single","No","HA","에어컨","책임",3,2,5,5,2
193057,29,"Male","Divorced","No","HA","에어컨","선임",10,10,2,2,2
194338,48,"Female","Married","No","HA","에어컨","선임",15,0,3,2,1
194681,35,"Male","Divorced","No","HA","에어컨","선임",5,5,5,5,3
194895,45,"Male","Married","No","HA","에어컨","책임",7,3,3,3,2
195881,29,"Female","Married","No","HA","에어컨","책임",11,11,4,4,3
196072,32,"Male","Single","No","HA","에어컨","선임",10,5,4,2,4
196399,29,"Male","Married","No","HA","에어컨","선임",1,1,2,5,3
197278,42,"Male","Married","No","HA","에어컨","선임",10,0,1,3,2
198225,35,"Female","Divorced","No","HA","에어컨","사원",16,1,1,1,4
199207,36,"Male","Divorced","No","HA","에어컨","선임",17,7,1,3,3
199999,29,"Male","Single","No","HA","에어컨","선임",8,5,3,3,3
111784,50,"Female","Married","No","HE","PC","사원",19,18,3,1,3
112351,41,"Male","Single","No","HE","PC","선임",8,8,2,3,3
113404,32,"Female","Married","No","HE","PC","책임",5,3,2,3,3
113643,43,"Female","Divorced","No","HE","PC","책임",6,5,3,5,2
114477,29,"Male","Married","No","HE","PC","책임",10,10,3,3,3
115237,54,"Male","Divorced","No","HE","PC","선임",33,5,3,1,1
115583,33,"Male","Divorced","No","HE","PC","책임",9,3,4,3,3
117133,47,"Male","Married","No","HE","PC","사원",8,7,4,1,3
118008,25,"Male","Married","No","HE","PC","사원",6,2,3,4,3
118993,56,"Female","Divorced","No","HE","PC","책임",28,5,1,4,3
120631,33,"Male","Single","No","HE","PC","선임",14,0,3,1,3
121009,27,"Male","Married","No","HE","PC","선임",4,4,3,3,3
121528,32,"Female","Married","No","HE","PC","사원",6,3,4,4,3
125637,54,"Female","Married","No","HE","PC","책임",13,9,3,2,3
126141,25,"Male","Single","No","HE","PC","선임",6,4,1,3,2
126256,48,"Male","Single","No","HE","PC","책임",19,2,3,5,3
126730,33,"Male","Single","No","HE","PC","선임",9,7,4,3,2
127078,31,"Male","Married","Yes","HE","PC","선임",7,2,5,3,1
127647,47,"Male","Married","No","HE","PC","책임",21,3,3,2,3
128485,56,"Female","Married","No","HE","PC","선임",7,5,2,1,3
130712,46,"Female","Married","No","HE","PC","책임",23,13,2,4,4
130879,43,"Male","Divorced","No","HE","PC","선임",7,5,4,4,4
131126,53,"Male","Single","Yes","HE","PC","선임",15,2,1,2,2
133006,43,"Male","Single","No","HE","PC","선임",7,4,3,2,2
133259,26,"Male","Married","No","HE","PC","책임",3,3,3,3,5
133419,30,"Male","Single","No","HE","PC","책임",10,8,3,3,3
134684,40,"Male","Married","No","HE","PC","책임",20,18,1,3,3
135123,43,"Male","Single","No","HE","PC","사원",18,3,3,4,3
135218,44,"Male","Single","No","HE","PC","선임",16,2,3,2,2
135464,38,"Male","Single","No","HE","PC","사원",8,7,4,1,3
135630,23,"Male","Single","No","HE","PC","사원",5,4,3,2,3
136236,35,"Male","Married","No","HE","PC","사원",15,7,1,4,3
137156,29,"Male","Single","Yes","HE","PC","사원",3,0,1,3,3
138086,34,"Male","Married","No","HE","PC","사원",8,8,3,2,2
139039,38,"Female","Married","No","HE","PC","사원",10,10,4,3,3
140612,30,"Male","Single","No","HE","PC","선임",9,6,1,3,2
145922,32,"Male","Married","No","HE","PC","사원",4,3,2,1,2
146417,39,"Male","Married","Yes","HE","PC","사원",8,2,1,4,1
146491,42,"Male","Married","No","HE","PC","책임",21,20,3,4,2
148453,38,"Male","Married","No","HE","PC","사원",3,2,3,2,2
150924,36,"Male","Single","No","HE","PC","책임",10,10,4,4,2
151764,35,"Male","Married","No","HE","PC","사원",15,11,3,3,3
152205,49,"Male","Married","No","HE","PC","책임",23,1,3,3,4
152427,30,"Male","Single","No","HE","PC","사원",6,5,4,4,3
153372,55,"Male","Married","No","HE","PC","선임",12,10,5,5,3
157464,32,"Male","Married","No","HE","PC","선임",14,14,4,3,3
157487,42,"Male","Single","No","HE","PC","책임",16,1,4,2,3
157568,34,"Male","Single","No","HE","PC","책임",14,11,1,4,3
157595,49,"Male","Divorced","No","HE","PC","책임",31,31,3,3,3
159783,30,"Male","Married","No","HE","PC","선임",10,10,5,2,2
159961,26,"Male","Married","No","HE","PC","사원",8,7,4,1,3
161102,48,"Female","Married","No","HE","PC","선임",14,9,5,1,3
162114,44,"Male","Divorced","Yes","HE","PC","사원",6,5,2,3,2
162392,29,"Male","Divorced","No","HE","PC","사원",7,7,2,1,3
162785,25,"Male","Married","No","HE","PC","책임",5,5,1,5,3
162929,31,"Male","Divorced","No","HE","PC","책임",10,10,3,1,2
162936,30,"Female","Married","No","HE","PC","사원",4,2,3,2,4
163075,26,"Male","Married","No","HE","PC","사원",1,1,4,1,3
163733,27,"Male","Married","No","HE","PC","선임",6,2,1,3,3
164041,32,"Male","Married","No","HE","PC","선임",10,10,2,2,3
164505,41,"Male","Divorced","No","HE","PC","선임",5,5,1,2,3
165211,29,"Male","Married","Yes","HE","PC","선임",10,10,4,4,2
168132,38,"Male","Married","No","HE","PC","책임",7,6,2,2,3
169362,34,"Male","Single","No","HE","PC","사원",1,1,4,3,1
171140,33,"Male","Married","No","HE","PC","선임",10,5,1,1,3
172353,22,"Male","Married","No","HE","PC","사원",4,2,4,1,1
173536,27,"Male","Married","No","HE","PC","선임",3,3,3,5,3
176083,51,"Male","Married","No","HE","PC","책임",18,7,5,3,2
176940,27,"Female","Single","No","HE","PC","사원",6,6,4,3,2
177106,48,"Male","Married","No","HE","PC","책임",29,22,2,4,3
177346,29,"Male","Married","Yes","HE","PC","책임",11,11,1,1,1
178297,43,"Male","Divorced","No","HE","PC","책임",25,25,2,3,3
178472,51,"Male","Single","No","HE","PC","선임",23,13,1,3,2
178829,29,"Male","Single","Yes","HE","PC","사원",7,6,3,4,2
179595,37,"Male","Single","No","HE","PC","책임",12,5,4,1,3
181849,40,"Female","Married","No","HE","PC","선임",20,1,3,2,3
183384,39,"Male","Divorced","Yes","HE","PC","책임",21,18,4,4,3
183385,46,"Male","Divorced","Yes","HE","PC","선임",28,7,4,1,4
185957,51,"Male","Married","No","HE","PC","선임",10,1,3,3,3
186683,28,"Male","Married","No","HE","PC","책임",1,1,2,3,3
187001,24,"Male","Single","No","HE","PC","사원",6,6,4,3,3
187201,29,"Male","Single","No","HE","PC","선임",2,2,2,3,3
188365,31,"Male","Single","No","HE","PC","사원",10,5,1,4,3
190009,32,"Male","Single","Yes","HE","PC","사원",4,3,3,4,1
190244,38,"Male","Single","No","HE","PC","선임",10,1,3,4,4
192478,38,"Male","Single","No","HE","PC","선임",19,1,5,3,3
192513,47,"Female","Single","Yes","HE","PC","선임",8,5,3,4,3
192684,36,"Male","Married","No","HE","PC","선임",15,1,2,4,3
193258,42,"Female","Divorced","No","HE","PC","선임",8,5,1,2,3
193550,34,"Female","Single","No","HE","PC","선임",6,5,5,3,3
194367,33,"Male","Married","No","HE","PC","책임",15,7,3,4,4
195369,26,"Male","Married","No","HE","PC","사원",3,3,4,3,3
196455,25,"Male","Divorced","No","HE","PC","사원",7,2,3,3,2
196976,29,"Female","Married","No","HE","PC","사원",6,5,4,1,2
199444,27,"Female","Married","No","HE","PC","선임",5,1,4,2,3
199618,29,"Male","Divorced","No","HE","PC","사원",8,3,4,2,4
111375,25,"Male","Single","No","HE","TV","선임",5,4,5,2,3
111495,50,"Male","Married","No","HE","TV","선임",20,20,3,3,3
112433,52,"Female","Married","No","HE","TV","사원",12,5,1,3,1
112635,49,"Female","Married","No","HE","TV","책임",29,26,2,3,2
113232,34,"Female","Married","No","HE","TV","선임",7,5,2,1,2
113719,53,"Female","Divorced","No","HE","TV","사원",5,4,1,3,3
113895,51,"Male","Divorced","No","HE","TV","책임",33,33,2,2,3
114274,52,"Male","Married","No","HE","TV","책임",26,9,4,2,2
114603,50,"Male","Married","No","HE","TV","선임",18,4,3,1,3
114931,24,"Female","Married","Yes","HE","TV","선임",1,1,2,1,1
114972,50,"Male","Single","Yes","HE","TV","선임",5,0,3,4,3
116251,34,"Male","Divorced","No","HE","TV","선임",1,1,2,2,3
116352,38,"Female","Married","No","HE","TV","책임",19,10,2,3,3
116590,33,"Male","Divorced","No","HE","TV","책임",10,9,3,5,3
117585,45,"Male","Married","No","HE","TV","사원",9,3,3,4,3
118506,37,"Male","Single","No","HE","TV","선임",10,10,2,4,3
118578,36,"Male","Married","No","HE","TV","선임",5,5,2,2,3
119120,42,"Female","Divorced","No","HE","TV","사원",11,5,3,2,3
119216,35,"Male","Married","No","HE","TV","선임",17,7,3,2,3
119302,29,"Female","Married","No","HE","TV","사원",10,10,4,1,3
120211,55,"Male","Single","No","HE","TV","책임",30,5,4,3,3
120336,40,"Male","Single","No","HE","TV","책임",21,21,2,2,2
120353,34,"Female","Single","No","HE","TV","사원",10,5,3,4,3
121930,41,"Male","Single","Yes","HE","TV","사원",4,4,2,4,2
122173,35,"Female","Married","No","HE","TV","선임",10,9,4,2,3
122378,23,"Male","Married","No","HE","TV","책임",1,1,1,1,2
123786,40,"Female","Married","No","HE","TV","책임",21,20,3,4,3
123836,32,"Male","Single","No","HE","TV","책임",12,7,2,2,3
123954,36,"Female","Married","No","HE","TV","선임",8,6,5,1,2
124213,30,"Male","Married","No","HE","TV","책임",12,11,5,5,1
124871,38,"Male","Married","No","HE","TV","선임",8,2,3,1,3
124908,21,"Male","Single","No","HE","TV","사원",3,2,4,3,3
125691,54,"Male","Married","No","HE","TV","책임",24,4,1,3,2
126125,44,"Male","Married","No","HE","TV","선임",14,10,4,3,3
126226,31,"Male","Married","No","HE","TV","선임",6,5,4,3,3
126259,23,"Male","Married","No","HE","TV","선임",5,3,1,1,5
126351,49,"Male","Married","No","HE","TV","선임",10,10,2,5,3
126845,35,"Male","Married","No","HE","TV","책임",16,13,2,1,3
128189,42,"Male","Married","No","HE","TV","책임",18,13,1,2,4
128220,47,"Male","Single","No","HE","TV","사원",5,0,3,1,3
128842,52,"Male","Divorced","No","HE","TV","선임",18,10,1,2,3
128893,27,"Female","Married","No","HE","TV","선임",1,1,2,1,3
128948,42,"Male","Married","No","HE","TV","책임",10,10,1,4,2
128969,52,"Male","Married","No","HE","TV","책임",28,5,3,3,3
129511,51,"Male","Single","No","HE","TV","선임",11,10,5,5,1
129981,32,"Male","Married","No","HE","TV","선임",9,6,1,2,2
130370,44,"Female","Divorced","No","HE","TV","선임",8,2,4,1,3
130513,39,"Male","Divorced","No","HE","TV","책임",19,18,4,1,2
130838,26,"Male","Divorced","No","HE","TV","선임",5,3,2,5,3
131484,42,"Male","Married","No","HE","TV","선임",10,9,2,5,3
132082,44,"Male","Married","No","HE","TV","선임",10,3,4,3,2
132225,46,"Female","Married","No","HE","TV","선임",7,1,3,3,5
132692,33,"Female","Married","No","HE","TV","선임",10,9,5,1,3
133709,35,"Female","Married","No","HE","TV","책임",4,2,1,3,3
134358,46,"Female","Single","No","HE","TV","선임",10,7,1,3,5
134523,35,"Male","Single","No","HE","TV","선임",10,1,2,3,3
134661,35,"Female","Divorced","No","HE","TV","선임",16,16,3,3,2
134970,50,"Male","Divorced","No","HE","TV","책임",20,3,1,2,3
135311,44,"Female","Married","No","HE","TV","선임",9,8,4,2,3
135567,32,"Male","Single","Yes","HE","TV","사원",1,1,2,1,3
135591,37,"Male","Married","No","HE","TV","선임",7,5,4,2,4
135658,31,"Male","Single","No","HE","TV","선임",10,9,1,2,3
135713,29,"Male","Married","No","HE","TV","사원",10,10,4,3,2
135772,42,"Female","Married","No","HE","TV","책임",8,4,5,5,3
136055,60,"Male","Divorced","No","HE","TV","선임",19,1,4,3,4
136419,36,"Male","Married","No","HE","TV","책임",15,12,1,4,3
136631,45,"Female","Married","No","HE","TV","책임",9,5,3,3,4
137306,29,"Female","Single","No","HE","TV","선임",5,5,1,2,1
137348,27,"Male","Divorced","No","HE","TV","선임",9,9,1,3,2
138544,22,"Male","Married","No","HE","TV","선임",4,3,3,1,5
138618,25,"Female","Single","No","HE","TV","선임",6,6,5,2,2
138722,37,"Male","Divorced","No","HE","TV","사원",8,6,4,3,2
138829,26,"Male","Single","No","HE","TV","선임",8,7,1,5,3
140443,35,"Male","Married","No","HE","TV","사원",5,2,3,3,3
141159,56,"Male","Single","No","HE","TV","책임",36,7,2,1,3
141794,32,"Male","Married","No","HE","TV","선임",10,10,5,5,3
142114,36,"Female","Single","No","HE","TV","선임",15,5,2,4,3
142190,35,"Male","Married","No","HE","TV","사원",4,3,2,4,3
142255,30,"Female","Divorced","No","HE","TV","선임",8,3,1,2,3
143528,51,"Male","Divorced","No","HE","TV","책임",31,29,2,1,2
144088,33,"Female","Single","No","HE","TV","사원",5,3,4,1,3
144128,40,"Female","Divorced","No","HE","TV","책임",15,12,3,2,3
144295,24,"Male","Single","Yes","HE","TV","사원",6,5,2,2,3
145522,45,"Male","Married","No","HE","TV","책임",25,23,3,4,2
146169,41,"Male","Single","No","HE","TV","선임",20,18,1,3,3
146315,52,"Female","Married","No","HE","TV","책임",31,9,4,3,3
146581,31,"Female","Divorced","No","HE","TV","책임",2,2,2,3,2
147501,30,"Female","Divorced","No","HE","TV","사원",8,3,1,4,3
147676,43,"Male","Married","No","HE","TV","책임",25,25,4,4,4
147815,46,"Male","Divorced","No","HE","TV","책임",17,4,1,3,3
147873,36,"Female","Married","No","HE","TV","책임",10,8,1,1,3
148643,35,"Female","Married","No","HE","TV","책임",10,10,5,5,3
148661,47,"Female","Divorced","No","HE","TV","책임",29,3,2,3,3
148912,34,"Male","Single","No","HE","TV","선임",10,9,3,3,3
148986,35,"Male","Single","No","HE","TV","책임",6,5,3,3,3
149370,37,"Male","Married","No","HE","TV","사원",10,10,4,1,3
150448,28,"Male","Married","No","HE","TV","선임",7,7,5,3,3
151163,29,"Female","Single","Yes","HE","TV","선임",7,5,2,1,1
151375,34,"Male","Divorced","No","HE","TV","선임",8,8,3,5,3
151485,37,"Male","Married","No","HE","TV","사원",8,8,1,1,2
151535,58,"Female","Divorced","No","HE","TV","책임",24,6,2,4,3
152094,33,"Male","Divorced","No","HE","TV","사원",9,9,3,3,3
152767,42,"Male","Married","No","HE","TV","책임",23,22,1,4,3
152797,54,"Female","Single","No","HE","TV","선임",20,4,3,5,2
153560,27,"Male","Divorced","No","HE","TV","사원",5,5,3,2,3
153605,46,"Male","Divorced","No","HE","TV","책임",24,2,4,3,3
153827,51,"Female","Single","No","HE","TV","책임",29,5,2,2,2
153837,36,"Male","Divorced","No","HE","TV","사원",13,5,1,1,3
153856,35,"Male","Single","No","HE","TV","선임",6,6,1,4,2
154095,31,"Male","Divorced","No","HE","TV","선임",13,7,4,4,3
154576,47,"Female","Single","No","HE","TV","선임",7,2,3,3,3
155194,28,"Male","Single","No","HE","TV","사원",5,5,3,3,2
155459,40,"Male","Divorced","No","HE","TV","책임",16,9,2,3,3
155574,43,"Female","Single","No","HE","TV","책임",23,21,5,5,5
155608,26,"Male","Single","No","HE","TV","선임",8,7,1,5,2
155663,42,"Male","Married","No","HE","TV","책임",24,22,3,1,2
155668,33,"Female","Divorced","No","HE","TV","책임",10,6,3,3,3
155794,30,"Male","Married","No","HE","TV","선임",10,7,3,3,3
156123,41,"Female","Single","No","HE","TV","선임",16,1,4,3,3
156355,31,"Male","Divorced","No","HE","TV","책임",9,3,1,3,1
156974,26,"Female","Divorced","No","HE","TV","선임",8,7,3,2,2
157774,58,"Female","Married","Yes","HE","TV","선임",31,10,1,4,2
157795,35,"Male","Married","Yes","HE","TV","책임",15,13,1,3,3
158087,42,"Male","Divorced","No","HE","TV","선임",7,2,3,5,3
158286,26,"Male","Divorced","No","HE","TV","선임",5,2,5,1,3
158943,31,"Female","Divorced","No","HE","TV","사원",1,1,4,3,3
159063,52,"Female","Married","Yes","HE","TV","책임",33,32,4,4,3
159390,54,"Female","Single","No","HE","TV","사원",19,1,3,3,3
160936,60,"Male","Single","No","HE","TV","사원",10,2,1,4,3
161069,53,"Male","Single","No","HE","TV","사원",18,14,1,4,4
161161,35,"Male","Married","No","HE","TV","선임",1,1,5,5,2
161653,42,"Male","Divorced","No","HE","TV","선임",7,5,2,2,2
161964,41,"Male","Married","No","HE","TV","선임",7,5,1,5,3
162065,55,"Male","Married","No","HE","TV","선임",19,5,4,2,4
162431,37,"Male","Married","No","HE","TV","선임",14,14,5,2,2
162634,26,"Male","Single","No","HE","TV","사원",5,5,4,1,3
163230,35,"Male","Single","No","HE","TV","선임",13,11,5,1,5
163457,45,"Male","Married","No","HE","TV","선임",9,9,1,3,3
163611,39,"Male","Single","No","HE","TV","책임",21,6,4,3,2
164179,30,"Male","Divorced","No","HE","TV","책임",10,8,3,1,4
164470,38,"Male","Single","No","HE","TV","선임",20,1,1,1,2
164593,27,"Female","Single","No","HE","TV","선임",7,7,2,5,2
165694,45,"Female","Married","No","HE","TV","책임",26,9,4,2,4
165815,31,"Female","Single","Yes","HE","TV","선임",10,10,2,1,3
165834,46,"Female","Divorced","No","HE","TV","선임",19,10,3,3,2
167202,32,"Female","Single","No","HE","TV","책임",10,7,4,4,3
167676,29,"Male","Divorced","No","HE","TV","선임",2,2,2,5,3
167873,42,"Male","Married","No","HE","TV","선임",17,5,5,2,2
168042,27,"Female","Married","No","HE","TV","사원",4,3,4,2,3
168516,36,"Female","Married","No","HE","TV","책임",10,7,3,1,3
168815,34,"Male","Divorced","No","HE","TV","사원",16,15,4,4,2
168898,36,"Male","Married","No","HE","TV","사원",12,4,2,3,1
169609,43,"Male","Married","No","HE","TV","사원",7,2,4,3,3
169855,21,"Female","Single","No","HE","TV","선임",1,1,2,5,3
170074,31,"Male","Divorced","No","HE","TV","사원",10,10,3,1,3
171345,41,"Male","Married","No","HE","TV","책임",10,10,1,3,3
171481,30,"Male","Divorced","No","HE","TV","책임",8,4,1,3,3
171820,27,"Male","Married","No","HE","TV","사원",6,6,4,4,3
172102,41,"Female","Divorced","No","HE","TV","책임",23,22,3,4,4
172554,48,"Male","Single","No","HE","TV","책임",25,1,4,3,4
172824,31,"Female","Single","No","HE","TV","책임",10,10,1,2,3
173244,38,"Female","Single","No","HE","TV","선임",12,8,5,3,4
174229,54,"Female","Married","No","HE","TV","책임",36,10,3,3,3
174959,31,"Male","Divorced","No","HE","TV","책임",4,4,1,5,5
175060,33,"Female","Married","Yes","HE","TV","사원",13,9,1,1,4
175533,29,"Male","Divorced","No","HE","TV","책임",11,7,5,1,3
175772,45,"Male","Married","No","HE","TV","책임",25,24,4,3,3
175871,35,"Male","Married","No","HE","TV","사원",1,1,4,4,3
177098,43,"Male","Married","No","HE","TV","선임",10,10,3,2,3
177131,41,"Male","Single","No","HE","TV","사원",16,14,4,4,3
178102,37,"Male","Divorced","No","HE","TV","사원",7,7,3,3,4
179287,35,"Male","Single","No","HE","TV","선임",5,5,3,4,3
179707,22,"Male","Single","No","HE","TV","선임",4,3,3,5,5
180058,35,"Male","Single","No","HE","TV","사원",7,2,3,3,3
180085,53,"Male","Single","No","HE","TV","책임",35,9,2,2,2
180545,32,"Male","Divorced","No","HE","TV","선임",8,5,5,3,2
182432,27,"Male","Married","No","HE","TV","선임",6,5,2,5,2
183131,58,"Male","Married","No","HE","TV","책임",32,9,1,3,3
183439,52,"Male","Married","No","HE","TV","책임",5,4,5,1,3
183720,48,"Female","Divorced","No","HE","TV","책임",24,22,4,2,3
184217,39,"Male","Single","No","HE","TV","책임",21,20,1,1,3
185550,37,"Male","Married","No","HE","TV","책임",10,10,3,3,3
186205,31,"Male","Married","No","HE","TV","사원",10,9,4,2,3
186472,45,"Male","Married","No","HE","TV","선임",10,10,1,1,3
186510,45,"Male","Divorced","No","HE","TV","책임",24,24,1,1,3
186566,43,"Male","Divorced","No","HE","TV","선임",10,8,3,2,3
186580,39,"Male","Divorced","No","HE","TV","책임",21,21,3,3,3
186784,18,"Male","Single","No","HE","TV","책임",0,0,2,5,3
186964,40,"Male","Married","No","HE","TV","책임",8,7,1,2,2
187000,28,"Female","Single","No","HE","TV","선임",10,8,3,5,5
187128,30,"Male","Divorced","No","HE","TV","선임",10,5,4,2,2
187797,35,"Male","Married","No","HE","TV","책임",10,10,3,5,2
187908,43,"Female","Married","No","HE","TV","책임",18,8,1,3,3
187974,39,"Female","Single","No","HE","TV","책임",21,21,1,3,3
188062,38,"Male","Married","No","HE","TV","책임",14,1,3,2,3
188337,44,"Male","Married","No","HE","TV","책임",24,20,1,3,4
188742,39,"Female","Married","No","HE","TV","책임",21,20,4,1,2
188817,35,"Female","Single","No","HE","TV","책임",11,11,2,4,1
188841,21,"Male","Single","No","HE","TV","선임",3,3,3,3,3
189220,22,"Male","Married","No","HE","TV","선임",4,4,1,1,2
189243,31,"Male","Married","No","HE","TV","사원",13,7,3,2,4
189468,30,"Male","Married","No","HE","TV","선임",6,6,2,2,2
190312,27,"Female","Single","No","HE","TV","선임",9,7,1,1,1
190330,38,"Male","Married","No","HE","TV","사원",9,7,4,1,1
190804,31,"Female","Single","No","HE","TV","선임",1,1,2,3,5
190866,56,"Male","Single","No","HE","TV","책임",5,4,5,5,3
191073,36,"Male","Divorced","No","HE","TV","책임",13,3,2,3,3
191260,60,"Female","Married","No","HE","TV","책임",33,29,1,4,1
191866,27,"Male","Married","No","HE","TV","사원",6,2,2,4,3
191916,42,"Male","Single","No","HE","TV","사원",9,6,1,4,4
191967,40,"Male","Married","No","HE","TV","선임",14,11,4,4,3
192680,40,"Female","Single","No","HE","TV","책임",18,4,4,4,2
193017,29,"Female","Married","No","HE","TV","선임",6,6,3,1,2
193346,51,"Male","Married","No","HE","TV","책임",14,4,2,2,3
193628,32,"Male","Divorced","No","HE","TV","선임",4,3,5,2,3
193629,32,"Female","Single","No","HE","TV","책임",10,8,3,2,3
193960,24,"Male","Divorced","No","HE","TV","선임",2,1,1,2,3
194133,33,"Female","Married","No","HE","TV","선임",8,8,3,3,3
194393,26,"Male","Married","No","HE","TV","선임",8,8,3,1,3
194482,54,"Female","Single","No","HE","TV","책임",23,5,4,3,3
194941,36,"Male","Married","No","HE","TV","사원",6,1,1,4,4
195021,55,"Female","Divorced","No","HE","TV","책임",21,5,3,3,3
196051,37,"Female","Divorced","No","HE","TV","사원",9,6,4,3,3
196849,30,"Male","Single","No","HE","TV","책임",6,5,3,2,3
197376,56,"Female","Married","No","HE","TV","선임",6,0,1,3,3
198148,35,"Female","Married","Yes","HE","TV","사원",5,4,3,3,2
198897,28,"Female","Married","No","HE","TV","책임",1,1,5,5,2
198948,37,"Female","Married","No","HE","TV","사원",17,5,1,2,3
199268,30,"Male","Divorced","No","HE","TV","선임",10,10,3,1,2
199619,56,"Male","Married","No","HE","TV","책임",33,19,2,1,3
112127,42,"Female","Married","No","HE","모니터","책임",23,20,2,4,4
113614,26,"Male","Married","No","HE","모니터","책임",5,5,1,3,3
114342,54,"Female","Married","No","HE","모니터","선임",16,6,1,4,3
115422,55,"Male","Married","No","HE","모니터","책임",36,36,4,3,3
118338,37,"Male","Divorced","No","HE","모니터","선임",13,9,4,3,3
120162,34,"Male","Single","No","HE","모니터","사원",6,6,4,3,3
122765,25,"Male","Divorced","No","HE","모니터","사원",7,7,3,3,3
122995,33,"Male","Single","No","HE","모니터","책임",10,10,3,4,3
123931,47,"Male","Married","Yes","HE","모니터","선임",10,10,2,4,2
124133,35,"Male","Married","No","HE","모니터","선임",1,1,3,1,3
124824,47,"Female","Divorced","No","HE","모니터","책임",28,22,3,4,2
125800,32,"Male","Married","No","HE","모니터","사원",5,5,2,3,1
126779,56,"Female","Divorced","No","HE","모니터","사원",19,2,1,3,3
129431,46,"Male","Divorced","No","HE","모니터","선임",16,4,2,5,3
130024,40,"Male","Married","No","HE","모니터","선임",8,6,3,1,3
136371,28,"Male","Single","No","HE","모니터","책임",10,10,1,1,2
136380,32,"Male","Married","No","HE","모니터","선임",7,4,5,3,2
138470,56,"Male","Married","No","HE","모니터","선임",14,10,3,5,1
140325,33,"Male","Divorced","No","HE","모니터","선임",1,1,3,3,2
141846,30,"Male","Married","No","HE","모니터","선임",12,12,2,3,2
143447,56,"Male","Married","No","HE","모니터","책임",30,10,4,3,2
146848,50,"Female","Divorced","No","HE","모니터","책임",32,7,4,3,2
148013,30,"Male","Married","No","HE","모니터","선임",10,10,5,3,2
153000,28,"Female","Married","No","HE","모니터","사원",1,1,2,4,3
153500,37,"Male","Single","No","HE","모니터","선임",18,1,2,5,2
153509,27,"Male","Divorced","No","HE","모니터","선임",7,7,1,1,3
161546,50,"Female","Married","No","HE","모니터","책임",32,2,1,3,3
166310,43,"Male","Married","No","HE","모니터","책임",6,1,3,5,3
167117,37,"Female","Divorced","No","HE","모니터","책임",18,18,1,3,2
169102,45,"Male","Married","No","HE","모니터","책임",9,8,2,2,5
171900,37,"Female","Married","No","HE","모니터","선임",17,3,1,1,2
175379,31,"Female","Married","No","HE","모니터","선임",10,9,4,3,1
176025,34,"Female","Married","No","HE","모니터","책임",10,10,5,2,3
178247,56,"Female","Married","No","HE","모니터","선임",5,3,1,5,5
182968,50,"Male","Married","No","HE","모니터","책임",29,8,3,4,2
184779,22,"Male","Married","No","HE","모니터","책임",3,2,3,5,3
184974,39,"Male","Married","No","HE","모니터","책임",13,6,3,2,3
187722,33,"Female","Single","No","HE","모니터","책임",13,11,2,5,2
189058,28,"Female","Single","No","HE","모니터","선임",5,5,5,5,3
189728,28,"Male","Single","No","HE","모니터","사원",5,3,1,2,2
191492,52,"Female","Married","No","HE","모니터","책임",31,5,4,4,1
193154,40,"Female","Married","No","HE","모니터","선임",18,1,1,2,3
193613,44,"Male","Single","No","HE","모니터","책임",10,5,2,5,2
196204,46,"Male","Divorced","No","HE","모니터","책임",13,10,5,2,2
196216,47,"Female","Married","No","HE","모니터","책임",14,13,2,1,1
197695,55,"Male","Single","No","HE","모니터","책임",31,9,1,2,4
199453,24,"Male","Married","No","HE","모니터","책임",5,5,3,5,3
112006,26,"Female","Single","No","HE","오디오","선임",5,4,3,5,3
113274,36,"Female","Single","No","HE","오디오","선임",15,1,3,1,3
114396,45,"Male","Divorced","No","HE","오디오","책임",18,5,1,3,3
115615,51,"Female","Married","No","HE","오디오","선임",15,2,3,4,3
115782,38,"Female","Married","No","HE","오디오","책임",10,5,3,4,4
119066,32,"Female","Married","No","HE","오디오","선임",2,2,2,3,3
121376,31,"Female","Married","No","HE","오디오","책임",9,3,1,5,3
123345,31,"Female","Married","No","HE","오디오","사원",9,9,3,4,2
123419,29,"Male","Married","No","HE","오디오","사원",11,11,4,2,4
125249,36,"Male","Married","No","HE","오디오","선임",16,13,4,1,3
125633,23,"Male","Single","No","HE","오디오","책임",2,2,3,5,3
127349,36,"Male","Single","No","HE","오디오","책임",13,8,2,3,2
129519,41,"Female","Single","No","HE","오디오","책임",8,2,3,2,3
131844,38,"Female","Divorced","No","HE","오디오","책임",20,20,2,3,3
133206,29,"Male","Married","No","HE","오디오","사원",6,5,2,4,3
134212,49,"Male","Married","No","HE","오디오","사원",20,3,3,2,2
134594,45,"Male","Married","No","HE","오디오","책임",22,20,4,4,3
136119,38,"Female","Married","No","HE","오디오","선임",7,0,3,5,2
137130,59,"Male","Single","No","HE","오디오","책임",25,9,4,4,2
138287,35,"Male","Single","No","HE","오디오","선임",6,5,5,3,5
140571,34,"Female","Single","No","HE","오디오","책임",4,3,1,5,3
140925,34,"Female","Single","No","HE","오디오","사원",14,14,4,4,4
142838,40,"Male","Married","No","HE","오디오","사원",15,7,4,3,4
143015,52,"Female","Single","No","HE","오디오","사원",6,2,4,2,2
144357,35,"Male","Married","No","HE","오디오","선임",6,5,2,3,3
144812,37,"Male","Single","Yes","HE","오디오","선임",7,0,3,2,3
146945,29,"Male","Single","No","HE","오디오","책임",1,1,3,3,3
148263,34,"Male","Divorced","No","HE","오디오","선임",15,15,3,3,3
148611,45,"Male","Divorced","No","HE","오디오","선임",20,17,2,3,1
152593,36,"Male","Married","No","HE","오디오","선임",4,1,4,4,3
153868,35,"Female","Divorced","Yes","HE","오디오","사원",1,1,1,4,3
159098,45,"Female","Married","Yes","HE","오디오","사원",5,1,1,4,3
161764,50,"Male","Married","No","HE","오디오","책임",30,4,3,4,3
163489,38,"Male","Married","No","HE","오디오","선임",16,15,2,1,3
163797,51,"Female","Single","No","HE","오디오","책임",21,7,2,3,3
170933,36,"Female","Married","No","HE","오디오","선임",11,3,1,1,2
172154,40,"Male","Single","No","HE","오디오","선임",9,9,5,3,3
172817,38,"Male","Married","No","HE","오디오","사원",6,1,3,2,1
179173,31,"Male","Single","No","HE","오디오","선임",3,2,2,5,3
180285,38,"Female","Married","No","HE","오디오","선임",9,6,2,2,2
181412,44,"Female","Divorced","No","HE","오디오","책임",9,4,1,3,2
187164,35,"Female","Married","No","HE","오디오","책임",17,17,3,2,3
188215,29,"Male","Single","No","HE","오디오","사원",10,10,4,1,2
190840,30,"Male","Single","No","HE","오디오","사원",4,3,2,1,3
192860,35,"Male","Divorced","No","HE","오디오","책임",5,4,2,5,1
194804,32,"Female","Single","No","HE","오디오","선임",8,4,3,1,3
195133,26,"Male","Single","No","HE","오디오","선임",6,4,1,3,2
196484,32,"Male","Single","No","HE","오디오","사원",8,7,4,3,2
198255,30,"Male","Divorced","No","HE","오디오","책임",10,10,3,3,2
120250,30,"Female","Married","No","HE","프로젝터","책임",9,8,1,3,2
121798,21,"Female","Single","Yes","HE","프로젝터","선임",3,3,2,3,3
121953,37,"Male","Divorced","No","HE","프로젝터","책임",13,7,1,1,3
122272,30,"Female","Single","No","HE","프로젝터","사원",11,5,4,3,3
122657,27,"Male","Married","No","HE","프로젝터","사원",6,5,2,4,3
126094,28,"Male","Married","No","HE","프로젝터","선임",5,5,1,3,3
133628,40,"Male","Divorced","No","HE","프로젝터","선임",9,9,5,1,3
135863,18,"Male","Single","Yes","HE","프로젝터","사원",0,0,3,3,3
136470,52,"Male","Married","No","HE","프로젝터","책임",34,33,3,1,3
138368,26,"Female","Married","No","HE","프로젝터","책임",8,8,3,5,3
138434,51,"Male","Single","No","HE","프로젝터","책임",18,4,5,5,3
140368,41,"Male","Single","No","HE","프로젝터","사원",19,19,2,1,3
142610,28,"Female","Single","Yes","HE","프로젝터","사원",6,2,3,4,3
142895,34,"Male","Divorced","No","HE","프로젝터","책임",3,2,5,3,3
146780,53,"Female","Divorced","No","HE","프로젝터","책임",26,14,3,4,2
147767,28,"Male","Single","No","HE","프로젝터","선임",8,0,1,3,2
151240,55,"Male","Single","No","HE","프로젝터","책임",36,24,2,4,3
152558,32,"Male","Married","No","HE","프로젝터","사원",9,9,4,2,3
154053,36,"Female","Married","No","HE","프로젝터","책임",4,3,3,3,3
155941,30,"Female","Divorced","No","HE","프로젝터","선임",10,10,3,3,3
156439,31,"Female","Married","No","HE","프로젝터","책임",13,11,3,3,4
158816,54,"Female","Single","No","HE","프로젝터","책임",29,20,4,4,2
163608,50,"Female","Single","No","HE","프로젝터","책임",21,5,2,2,3
163751,35,"Female","Divorced","No","HE","프로젝터","책임",10,7,2,2,2
164427,36,"Male","Married","No","HE","프로젝터","사원",12,11,2,3,2
165072,30,"Female","Divorced","No","HE","프로젝터","선임",1,1,3,3,3
165817,39,"Male","Married","No","HE","프로젝터","책임",10,10,1,5,3
166922,28,"Female","Married","No","HE","프로젝터","사원",10,9,4,1,3
167973,55,"Male","Single","Yes","HE","프로젝터","책임",24,19,3,3,2
171023,33,"Female","Single","Yes","HE","프로젝터","선임",6,3,1,3,3
173301,53,"Female","Single","No","HE","프로젝터","책임",33,12,4,3,3
173721,29,"Male","Married","No","HE","프로젝터","사원",10,10,3,1,3
173940,36,"Male","Divorced","No","HE","프로젝터","선임",9,1,3,2,2
174550,34,"Male","Single","No","HE","프로젝터","책임",14,14,4,1,2
175399,44,"Male","Married","No","HE","프로젝터","사원",17,3,2,3,4
176784,47,"Male","Divorced","No","HE","프로젝터","책임",20,19,3,3,5
177462,34,"Female","Married","No","HE","프로젝터","사원",6,3,3,1,3
179657,32,"Female","Married","No","HE","프로젝터","선임",13,13,2,5,3
185765,32,"Male","Single","Yes","HE","프로젝터","선임",1,1,4,3,1
188162,26,"Male","Married","No","HE","프로젝터","사원",6,5,2,4,4
191954,33,"Male","Married","No","HE","프로젝터","사원",8,7,2,1,4
195254,54,"Female","Married","No","HE","프로젝터","선임",14,7,5,2,2
195287,26,"Male","Divorced","Yes","HE","프로젝터","선임",1,1,3,3,2
195370,36,"Male","Married","No","HE","프로젝터","책임",16,15,5,3,3
196692,34,"Male","Married","Yes","HE","프로젝터","선임",5,5,1,2,3
197294,40,"Female","Single","No","HE","프로젝터","책임",22,20,3,3,3
198512,25,"Male","Married","No","HE","프로젝터","선임",7,7,3,3,3
